id,bien_id,empresa_id,cantidad_minima,estado,fecha_creacion,usuario_creacion,unidad_control_id
2318,-1,2,0.00,1,"2015-11-30 11:03:38",0,NULL
3698,1,2,0.00,1,"2016-10-17 11:40:08",0,27
3699,2,2,0.00,1,"2016-10-17 11:40:08",0,27
3700,3,2,0.00,1,"2016-10-17 11:40:08",0,27
3701,4,2,0.00,1,"2016-10-17 11:40:08",0,27
3702,5,2,0.00,1,"2016-10-17 11:40:08",0,61
3703,6,2,0.00,1,"2016-10-17 11:40:08",0,23
3704,7,2,0.00,1,"2016-10-17 11:40:09",0,23
3705,8,2,0.00,1,"2016-10-17 11:40:09",0,23
3706,9,2,0.00,1,"2016-10-17 11:40:09",0,9
3707,10,2,0.00,1,"2016-10-17 11:40:09",0,3
3708,11,2,0.00,1,"2016-10-17 11:40:09",0,3
3709,12,2,0.00,1,"2016-10-17 11:40:09",0,44
3710,13,2,0.00,1,"2016-10-17 11:40:09",0,44
3711,14,2,0.00,1,"2016-10-17 11:40:09",0,27
3712,15,2,0.00,1,"2016-10-17 11:40:09",0,27
3713,16,2,0.00,1,"2016-10-17 11:40:09",0,26
3714,17,2,0.00,1,"2016-10-17 11:40:09",0,25
3715,18,2,0.00,1,"2016-10-17 11:40:09",0,14
3716,19,2,0.00,1,"2016-10-17 11:40:09",0,-1
3717,20,2,0.00,1,"2016-10-17 11:40:09",0,35
3718,21,2,0.00,1,"2016-10-17 11:40:10",0,27
3719,22,2,0.00,1,"2016-10-17 11:40:10",0,27
3720,23,2,0.00,1,"2016-10-17 11:40:10",0,36
3721,24,2,0.00,1,"2016-10-17 11:40:10",0,-1
3722,25,2,0.00,1,"2016-10-17 11:40:10",0,10
3723,26,2,0.00,1,"2016-10-17 11:40:10",0,29
3724,27,2,30.00,1,"2016-10-17 11:40:10",0,46
3725,28,2,0.00,1,"2016-10-17 11:40:10",0,-1
3726,29,2,0.00,1,"2016-10-17 11:40:10",0,45
3727,30,2,0.00,1,"2016-10-17 11:40:10",0,-1
3728,31,2,0.00,1,"2016-10-17 11:40:10",0,11
3729,32,2,0.00,1,"2016-10-17 11:40:10",0,39
3730,33,2,0.00,1,"2016-10-17 11:40:10",0,27
3731,34,2,0.00,1,"2016-10-17 11:40:11",0,-1
3732,35,2,0.00,1,"2016-10-17 11:40:11",0,64
3733,36,2,0.00,1,"2016-10-17 11:40:11",0,39
3734,37,2,0.00,1,"2016-10-17 11:40:11",0,58
3735,38,2,0.00,1,"2016-10-17 11:40:11",0,26
3736,39,2,0.00,1,"2016-10-17 11:40:11",0,16
3737,40,2,0.00,1,"2016-10-17 11:40:11",0,16
3738,41,2,0.00,1,"2016-10-17 11:40:11",0,15
3739,42,2,0.00,1,"2016-10-17 11:40:11",0,20
3740,43,2,0.00,1,"2016-10-17 11:40:11",0,43
3741,44,2,0.00,1,"2016-10-17 11:40:11",0,60
3742,45,2,0.00,1,"2016-10-17 11:40:12",0,5
3743,46,2,0.00,1,"2016-10-17 11:40:12",0,19
3744,47,2,0.00,1,"2016-10-17 11:40:12",0,1
3745,48,2,0.00,1,"2016-10-17 11:40:12",0,2
3746,49,2,10.00,1,"2016-10-17 11:40:12",0,-1
3747,50,2,10.00,1,"2016-10-17 11:40:12",0,-1
3748,51,2,10.00,1,"2016-10-17 11:40:12",0,-1
3749,52,2,0.00,1,"2016-10-17 11:40:12",0,-1
3750,53,2,0.00,1,"2016-10-17 11:40:12",0,-1
3751,54,2,0.00,1,"2016-10-17 11:40:12",0,-1
3752,55,2,0.00,1,"2016-10-17 11:40:12",0,-1
3753,56,2,0.00,1,"2016-10-17 11:40:12",0,-1
3754,57,2,0.00,1,"2016-10-17 11:40:12",0,-1
3755,58,2,30.00,1,"2016-10-17 11:40:12",0,-1
3756,59,2,0.00,1,"2016-10-17 11:40:13",0,-1
3757,60,2,30.00,1,"2016-10-17 11:40:13",0,-1
3758,61,2,0.00,1,"2016-10-17 11:40:13",0,-1
3759,62,2,15.00,1,"2016-10-17 11:40:13",0,-1
3760,63,2,0.00,1,"2016-10-17 11:40:13",0,-1
3761,64,2,0.00,1,"2016-10-17 11:40:13",0,-1
3762,65,2,-1.00,1,"2016-10-17 11:40:13",0,-1
3763,66,2,0.00,1,"2016-10-17 11:40:13",0,-1
3764,67,2,0.00,1,"2016-10-17 11:40:13",0,-1
3765,68,2,0.00,1,"2016-10-17 11:40:13",0,-1
3766,69,2,0.00,1,"2016-10-17 11:40:13",0,-1
3767,70,2,0.00,1,"2016-10-17 11:40:13",0,-1
3768,71,2,0.00,1,"2016-10-17 11:40:14",0,-1
3769,72,2,0.00,1,"2016-10-17 11:40:14",0,-1
3770,73,2,0.00,1,"2016-10-17 11:40:14",0,-1
3771,74,2,0.00,1,"2016-10-17 11:40:14",0,-1
3772,75,2,0.00,1,"2016-10-17 11:40:14",0,-1
3773,76,2,0.00,1,"2016-10-17 11:40:14",0,-1
3774,77,2,0.00,1,"2016-10-17 11:40:14",0,-1
3775,78,2,0.00,1,"2016-10-17 11:40:14",0,-1
3776,79,2,0.00,1,"2016-10-17 11:40:14",0,-1
3777,80,2,0.00,1,"2016-10-17 11:40:14",0,-1
3778,81,2,0.00,1,"2016-10-17 11:40:14",0,-1
3779,82,2,0.00,1,"2016-10-17 11:40:14",0,-1
3780,83,2,0.00,1,"2016-10-17 11:40:15",0,-1
3781,84,2,0.00,1,"2016-10-17 11:40:15",0,-1
3782,85,2,0.00,1,"2016-10-17 11:40:15",0,-1
3783,86,2,0.00,1,"2016-10-17 11:40:15",0,-1
3784,87,2,0.00,1,"2016-10-17 11:40:15",0,-1
3785,88,2,0.00,1,"2016-10-17 11:40:15",0,-1
3786,89,2,0.00,1,"2016-10-17 11:40:15",0,-1
3787,90,2,0.00,1,"2016-10-17 11:40:15",0,-1
3788,91,2,0.00,1,"2016-10-17 11:40:15",0,-1
3789,92,2,0.00,1,"2016-10-17 11:40:15",0,-1
3790,93,2,0.00,1,"2016-10-17 11:40:15",0,-1
3791,94,2,0.00,1,"2016-10-17 11:40:15",0,-1
3792,95,2,0.00,1,"2016-10-17 11:40:15",0,-1
3793,96,2,0.00,1,"2016-10-17 11:40:16",0,-1
3794,97,2,0.00,1,"2016-10-17 11:40:16",0,-1
3795,98,2,0.00,1,"2016-10-17 11:40:16",0,-1
3796,99,2,0.00,1,"2016-10-17 11:40:16",0,-1
3797,100,2,0.00,1,"2016-10-17 11:40:16",0,-1
3798,101,2,0.00,1,"2016-10-17 11:40:16",0,-1
3799,102,2,0.00,1,"2016-10-17 11:40:16",0,-1
3800,103,2,0.00,1,"2016-10-17 11:40:16",0,-1
3801,104,2,0.00,1,"2016-10-17 11:40:16",0,-1
3802,105,2,0.00,1,"2016-10-17 11:40:16",0,-1
3803,106,2,0.00,1,"2016-10-17 11:40:16",0,-1
3804,107,2,0.00,1,"2016-10-17 11:40:16",0,-1
3805,108,2,0.00,1,"2016-10-17 11:40:16",0,-1
3806,109,2,0.00,1,"2016-10-17 11:40:17",0,-1
3807,110,2,0.00,1,"2016-10-17 11:40:17",0,-1
3808,111,2,0.00,1,"2016-10-17 11:40:17",0,-1
3809,112,2,0.00,1,"2016-10-17 11:40:17",0,-1
3810,113,2,0.00,1,"2016-10-17 11:40:17",0,-1
3811,114,2,0.00,1,"2016-10-17 11:40:17",0,-1
3812,115,2,0.00,1,"2016-10-17 11:40:17",0,-1
3813,116,2,0.00,1,"2016-10-17 11:40:17",0,-1
3814,117,2,0.00,1,"2016-10-17 11:40:17",0,-1
3815,118,2,0.00,1,"2016-10-17 11:40:17",0,-1
3816,119,2,0.00,1,"2016-10-17 11:40:17",0,-1
3817,120,2,0.00,1,"2016-10-17 11:40:17",0,-1
3818,121,2,0.00,1,"2016-10-17 11:40:17",0,-1
3819,122,2,0.00,1,"2016-10-17 11:40:18",0,-1
3820,123,2,0.00,1,"2016-10-17 11:40:18",0,-1
3821,124,2,0.00,1,"2016-10-17 11:40:18",0,-1
3822,125,2,0.00,1,"2016-10-17 11:40:18",0,-1
3823,126,2,0.00,1,"2016-10-17 11:40:18",0,-1
3824,127,2,0.00,1,"2016-10-17 11:40:18",0,-1
3825,128,2,0.00,1,"2016-10-17 11:40:18",0,-1
3826,129,2,0.00,1,"2016-10-17 11:40:18",0,-1
3827,130,2,0.00,1,"2016-10-17 11:40:18",0,-1
3828,131,2,0.00,1,"2016-10-17 11:40:18",0,-1
3829,132,2,0.00,1,"2016-10-17 11:40:18",0,-1
3830,133,2,0.00,1,"2016-10-17 11:40:18",0,-1
3831,134,2,0.00,1,"2016-10-17 11:40:18",0,-1
3832,135,2,0.00,1,"2016-10-17 11:40:18",0,-1
3833,136,2,0.00,1,"2016-10-17 11:40:19",0,-1
3834,137,2,0.00,1,"2016-10-17 11:40:19",0,-1
3835,138,2,0.00,1,"2016-10-17 11:40:19",0,-1
3836,139,2,0.00,1,"2016-10-17 11:40:19",0,-1
3837,140,2,0.00,1,"2016-10-17 11:40:19",0,-1
3838,141,2,0.00,1,"2016-10-17 11:40:19",0,-1
3839,142,2,0.00,1,"2016-10-17 11:40:19",0,-1
3840,143,2,0.00,1,"2016-10-17 11:40:19",0,-1
3841,144,2,0.00,1,"2016-10-17 11:40:19",0,-1
3842,145,2,0.00,1,"2016-10-17 11:40:19",0,-1
3843,146,2,0.00,1,"2016-10-17 11:40:19",0,-1
3844,147,2,0.00,1,"2016-10-17 11:40:19",0,-1
3845,148,2,0.00,1,"2016-10-17 11:40:19",0,-1
3846,149,2,0.00,1,"2016-10-17 11:40:20",0,-1
3851,154,2,0.00,1,"2016-10-17 11:40:20",0,-1
3852,155,2,0.00,1,"2016-10-17 11:40:20",0,-1
3854,157,2,0.00,1,"2016-10-17 11:40:20",0,-1
3860,163,2,0.00,1,"2016-10-17 11:40:21",0,-1
3862,165,2,0.00,1,"2016-10-17 11:40:21",0,-1
3869,172,2,0.00,1,"2016-10-17 11:40:21",0,-1
3871,174,2,0.00,1,"2016-10-17 11:40:21",0,-1
3873,176,2,0.00,1,"2016-10-17 11:40:22",0,-1
3874,177,2,NULL,1,"2016-10-17 11:40:22",0,51
3875,178,2,0.00,1,"2016-10-17 11:40:22",0,-1
3876,179,2,0.00,1,"2016-10-17 11:40:22",0,-1
3877,180,2,0.00,1,"2016-10-17 11:40:22",0,-1
3878,181,2,0.00,1,"2016-10-17 11:40:22",0,-1
3880,183,2,0.00,1,"2016-10-17 11:40:22",0,-1
3881,184,2,0.00,1,"2016-10-17 11:40:22",0,-1
3882,185,2,0.00,1,"2016-10-17 11:40:22",0,-1
3883,186,2,0.00,1,"2016-10-17 11:40:22",0,-1
3884,187,2,0.00,1,"2016-10-17 11:40:22",0,-1
3885,188,2,0.00,1,"2016-10-17 11:40:22",0,-1
3886,189,2,0.00,1,"2016-10-17 11:40:23",0,-1
3887,190,2,0.00,1,"2016-10-17 11:40:23",0,-1
3888,191,2,0.00,1,"2016-10-17 11:40:23",0,-1
3889,192,2,0.00,1,"2016-10-17 11:40:23",0,-1
3890,193,2,0.00,1,"2016-10-17 11:40:23",0,-1
3891,194,2,0.00,1,"2016-10-17 11:40:23",0,-1
3892,195,2,0.00,1,"2016-10-17 11:40:23",0,-1
3893,196,2,0.00,1,"2016-10-17 11:40:23",0,-1
3894,197,2,0.00,1,"2016-10-17 11:40:23",0,-1
3895,198,2,NULL,1,"2016-10-21 11:49:02",0,48
3896,199,2,0.00,1,"2016-10-21 12:00:36",0,-1
3897,200,2,0.00,1,"2016-10-21 13:03:03",0,-1
3900,203,2,0.00,1,"2016-10-21 13:59:11",0,-1
3901,204,2,0.00,1,"2016-10-21 14:44:27",0,-1
3902,205,2,0.00,1,"2016-10-21 14:54:44",0,-1
3903,206,2,0.00,1,"2016-10-21 14:59:44",0,-1
3904,207,2,0.00,1,"2016-10-21 15:30:24",0,16
3905,208,2,0.00,1,"2016-10-28 17:54:56",0,16
3906,209,2,0.00,1,"2016-10-31 09:39:08",0,51
3907,210,2,0.00,1,"2016-10-31 09:40:23",0,51
3908,211,2,0.00,1,"2016-10-31 10:12:06",0,-1
3909,212,2,0.00,1,"2016-10-31 10:13:16",0,-1
3910,213,2,0.00,1,"2016-10-31 10:37:39",0,-1
3911,214,2,0.00,1,"2016-10-31 10:43:54",0,-1
3912,215,2,0.00,1,"2016-11-02 08:59:22",0,-1
3913,216,2,0.00,1,"2016-11-02 15:08:43",0,-1
3914,217,2,0.00,1,"2016-11-09 10:38:54",0,-1
3915,217,3,0.00,1,"2016-11-09 10:38:55",0,-1
3916,217,4,0.00,1,"2016-11-09 10:38:55",0,-1
3917,158,3,0.00,1,"2016-11-10 18:04:52",0,-1
3918,158,4,0.00,1,"2016-11-10 18:04:52",0,-1
3919,150,3,0.00,1,"2016-11-10 18:05:10",0,-1
3920,150,4,0.00,1,"2016-11-10 18:05:10",0,-1
3923,38,3,0.00,1,"2016-11-11 10:40:30",0,26
3924,38,4,0.00,1,"2016-11-11 10:40:30",0,26
3925,166,3,0.00,1,"2016-11-11 15:12:35",0,-1
3926,166,4,0.00,1,"2016-11-11 15:12:35",0,-1
3927,186,3,0.00,1,"2016-11-11 15:13:28",0,-1
3928,186,4,0.00,1,"2016-11-11 15:13:28",0,-1
3929,198,3,NULL,1,"2016-11-11 15:56:51",0,48
3930,198,4,NULL,1,"2016-11-11 15:56:51",0,48
3931,151,3,0.00,1,"2016-11-23 17:07:14",0,-1
3932,151,4,0.00,1,"2016-11-23 17:07:14",0,-1
3933,159,3,0.00,1,"2016-11-23 17:07:51",0,-1
3934,159,4,0.00,1,"2016-11-23 17:07:51",0,-1
3935,202,3,0.00,1,"2016-11-23 17:10:17",0,-1
3936,202,4,0.00,1,"2016-11-23 17:10:17",0,-1
3937,201,3,0.00,1,"2016-11-23 17:11:02",0,-1
3938,201,4,0.00,1,"2016-11-23 17:11:02",0,-1
3939,164,3,0.00,1,"2016-11-23 17:12:14",0,-1
3940,164,4,0.00,1,"2016-11-23 17:12:14",0,-1
3941,156,3,0.00,1,"2016-11-23 17:12:34",0,-1
3942,156,4,0.00,1,"2016-11-23 17:12:34",0,-1
3943,162,3,0.00,1,"2016-11-23 17:13:14",0,-1
3944,162,4,0.00,1,"2016-11-23 17:13:14",0,-1
3945,154,3,0.00,1,"2016-11-23 17:13:31",0,-1
3946,154,4,0.00,1,"2016-11-23 17:13:31",0,-1
3947,176,3,0.00,1,"2016-11-23 17:14:32",0,-1
3948,176,4,0.00,1,"2016-11-23 17:14:32",0,-1
3949,171,3,0.00,1,"2016-11-23 17:15:11",0,-1
3950,171,4,0.00,1,"2016-11-23 17:15:11",0,-1
3951,170,3,0.00,1,"2016-11-23 17:15:40",0,-1
3952,170,4,0.00,1,"2016-11-23 17:15:40",0,-1
3953,175,3,0.00,1,"2016-11-23 17:16:30",0,-1
3954,175,4,0.00,1,"2016-11-23 17:16:30",0,-1
3955,215,3,0.00,1,"2016-11-23 17:18:05",0,-1
3956,215,4,0.00,1,"2016-11-23 17:18:05",0,-1
3957,27,3,30.00,1,"2016-12-05 15:46:34",0,46
3958,27,4,30.00,1,"2016-12-05 15:46:34",0,46
3959,39,3,0.00,1,"2016-12-05 15:47:18",0,16
3960,39,4,0.00,1,"2016-12-05 15:47:18",0,16
3961,40,3,0.00,1,"2016-12-05 15:48:37",0,16
3962,40,4,0.00,1,"2016-12-05 15:48:37",0,16
3965,218,2,0.00,1,"2017-02-07 19:03:45",0,16
3966,218,3,0.00,1,"2017-02-07 19:03:45",0,16
3967,218,4,0.00,1,"2017-02-07 19:03:45",0,16
3968,219,2,0.00,1,"2017-02-08 09:13:34",0,-1
3969,219,3,0.00,1,"2017-02-08 09:13:34",0,-1
3970,219,4,0.00,1,"2017-02-08 09:13:34",0,-1
3971,220,2,0.00,1,"2017-02-08 09:33:53",0,-1
3972,220,3,0.00,1,"2017-02-08 09:33:53",0,-1
3973,220,4,0.00,1,"2017-02-08 09:33:53",0,-1
3974,1,3,0.00,1,"2017-02-16 09:07:36",0,27
3975,1,4,0.00,1,"2017-02-16 09:07:37",0,27
3976,117,3,0.00,1,"2017-02-16 09:19:29",0,-1
3977,117,4,0.00,1,"2017-02-16 09:19:29",0,-1
3978,65,3,-1.00,1,"2017-02-16 09:26:01",0,-1
3979,65,4,-1.00,1,"2017-02-16 09:26:02",0,-1
3982,221,2,0.00,1,"2017-02-16 16:26:04",0,-1
3983,221,3,0.00,1,"2017-02-16 16:26:05",0,-1
3984,221,4,0.00,1,"2017-02-16 16:26:05",0,-1
3989,78,3,0.00,1,"2017-02-24 17:19:15",0,-1
3990,78,4,0.00,1,"2017-02-24 17:19:15",0,-1
3991,113,3,0.00,1,"2017-02-27 11:14:33",0,-1
3992,113,4,0.00,1,"2017-02-27 11:14:34",0,-1
3993,167,3,0.00,1,"2017-03-02 10:23:57",0,-1
3994,167,4,0.00,1,"2017-03-02 10:23:57",0,-1
3995,-1,3,0.00,1,"2017-03-09 11:10:26",1,NULL
3996,2,3,0.00,1,"2017-03-09 11:10:26",1,27
3997,3,3,0.00,1,"2017-03-09 11:10:26",1,27
3998,4,3,0.00,1,"2017-03-09 11:10:26",1,27
3999,5,3,0.00,1,"2017-03-09 11:10:26",1,61
4000,6,3,0.00,1,"2017-03-09 11:10:26",1,23
4001,7,3,0.00,1,"2017-03-09 11:10:26",1,23
4002,8,3,0.00,1,"2017-03-09 11:10:26",1,23
4003,9,3,0.00,1,"2017-03-09 11:10:26",1,9
4004,10,3,0.00,1,"2017-03-09 11:10:26",1,3
4005,11,3,0.00,1,"2017-03-09 11:10:26",1,3
4006,12,3,0.00,1,"2017-03-09 11:10:26",1,44
4007,13,3,0.00,1,"2017-03-09 11:10:26",1,44
4008,14,3,0.00,1,"2017-03-09 11:10:26",1,27
4009,15,3,0.00,1,"2017-03-09 11:10:26",1,27
4010,16,3,0.00,1,"2017-03-09 11:10:26",1,26
4011,17,3,0.00,1,"2017-03-09 11:10:26",1,25
4012,18,3,0.00,1,"2017-03-09 11:10:26",1,14
4013,19,3,0.00,1,"2017-03-09 11:10:26",1,-1
4014,20,3,0.00,1,"2017-03-09 11:10:26",1,35
4015,21,3,0.00,1,"2017-03-09 11:10:26",1,27
4016,22,3,0.00,1,"2017-03-09 11:10:26",1,27
4017,23,3,0.00,1,"2017-03-09 11:10:26",1,36
4018,24,3,0.00,1,"2017-03-09 11:10:26",1,-1
4019,25,3,0.00,1,"2017-03-09 11:10:26",1,10
4020,26,3,0.00,1,"2017-03-09 11:10:26",1,29
4021,28,3,0.00,1,"2017-03-09 11:10:26",1,-1
4022,29,3,0.00,1,"2017-03-09 11:10:26",1,45
4023,30,3,0.00,1,"2017-03-09 11:10:26",1,-1
4024,31,3,0.00,1,"2017-03-09 11:10:26",1,11
4025,32,3,0.00,1,"2017-03-09 11:10:26",1,39
4026,33,3,0.00,1,"2017-03-09 11:10:26",1,27
4027,34,3,0.00,1,"2017-03-09 11:10:26",1,-1
4028,35,3,0.00,1,"2017-03-09 11:10:26",1,64
4029,36,3,0.00,1,"2017-03-09 11:10:26",1,39
4030,37,3,0.00,1,"2017-03-09 11:10:26",1,58
4031,41,3,0.00,1,"2017-03-09 11:10:26",1,15
4032,42,3,0.00,1,"2017-03-09 11:10:26",1,20
4033,43,3,0.00,1,"2017-03-09 11:10:26",1,43
4034,44,3,0.00,1,"2017-03-09 11:10:26",1,60
4035,45,3,0.00,1,"2017-03-09 11:10:26",1,5
4036,46,3,0.00,1,"2017-03-09 11:10:26",1,19
4037,47,3,0.00,1,"2017-03-09 11:10:26",1,1
4038,48,3,0.00,1,"2017-03-09 11:10:26",1,2
4039,49,3,10.00,1,"2017-03-09 11:10:26",1,-1
4040,50,3,10.00,1,"2017-03-09 11:10:26",1,-1
4041,51,3,10.00,1,"2017-03-09 11:10:26",1,-1
4042,52,3,0.00,1,"2017-03-09 11:10:26",1,-1
4043,53,3,0.00,1,"2017-03-09 11:10:26",1,-1
4044,54,3,0.00,1,"2017-03-09 11:10:26",1,-1
4045,55,3,0.00,1,"2017-03-09 11:10:26",1,-1
4046,56,3,0.00,1,"2017-03-09 11:10:26",1,-1
4047,57,3,0.00,1,"2017-03-09 11:10:26",1,-1
4048,58,3,30.00,1,"2017-03-09 11:10:26",1,-1
4049,59,3,0.00,1,"2017-03-09 11:10:26",1,-1
4050,60,3,30.00,1,"2017-03-09 11:10:26",1,-1
4051,61,3,0.00,1,"2017-03-09 11:10:26",1,-1
4052,62,3,15.00,1,"2017-03-09 11:10:26",1,-1
4053,63,3,0.00,1,"2017-03-09 11:10:26",1,-1
4054,64,3,0.00,1,"2017-03-09 11:10:26",1,-1
4055,66,3,0.00,1,"2017-03-09 11:10:26",1,-1
4056,67,3,0.00,1,"2017-03-09 11:10:26",1,-1
4057,68,3,0.00,1,"2017-03-09 11:10:26",1,-1
4058,69,3,0.00,1,"2017-03-09 11:10:26",1,-1
4059,70,3,0.00,1,"2017-03-09 11:10:26",1,-1
4060,71,3,0.00,1,"2017-03-09 11:10:26",1,-1
4061,72,3,0.00,1,"2017-03-09 11:10:26",1,-1
4062,73,3,0.00,1,"2017-03-09 11:10:26",1,-1
4063,74,3,0.00,1,"2017-03-09 11:10:26",1,-1
4064,75,3,0.00,1,"2017-03-09 11:10:26",1,-1
4065,76,3,0.00,1,"2017-03-09 11:10:26",1,-1
4066,77,3,0.00,1,"2017-03-09 11:10:26",1,-1
4067,79,3,0.00,1,"2017-03-09 11:10:26",1,-1
4068,80,3,0.00,1,"2017-03-09 11:10:26",1,-1
4069,81,3,0.00,1,"2017-03-09 11:10:26",1,-1
4070,82,3,0.00,1,"2017-03-09 11:10:26",1,-1
4071,83,3,0.00,1,"2017-03-09 11:10:26",1,-1
4072,84,3,0.00,1,"2017-03-09 11:10:26",1,-1
4073,85,3,0.00,1,"2017-03-09 11:10:26",1,-1
4074,86,3,0.00,1,"2017-03-09 11:10:26",1,-1
4075,87,3,0.00,1,"2017-03-09 11:10:26",1,-1
4076,88,3,0.00,1,"2017-03-09 11:10:26",1,-1
4077,89,3,0.00,1,"2017-03-09 11:10:26",1,-1
4078,90,3,0.00,1,"2017-03-09 11:10:26",1,-1
4079,91,3,0.00,1,"2017-03-09 11:10:26",1,-1
4080,92,3,0.00,1,"2017-03-09 11:10:26",1,-1
4081,93,3,0.00,1,"2017-03-09 11:10:26",1,-1
4082,94,3,0.00,1,"2017-03-09 11:10:26",1,-1
4083,95,3,0.00,1,"2017-03-09 11:10:26",1,-1
4084,96,3,0.00,1,"2017-03-09 11:10:26",1,-1
4085,97,3,0.00,1,"2017-03-09 11:10:26",1,-1
4086,98,3,0.00,1,"2017-03-09 11:10:26",1,-1
4087,99,3,0.00,1,"2017-03-09 11:10:26",1,-1
4088,100,3,0.00,1,"2017-03-09 11:10:26",1,-1
4089,101,3,0.00,1,"2017-03-09 11:10:26",1,-1
4090,102,3,0.00,1,"2017-03-09 11:10:26",1,-1
4091,103,3,0.00,1,"2017-03-09 11:10:26",1,-1
4092,104,3,0.00,1,"2017-03-09 11:10:26",1,-1
4093,105,3,0.00,1,"2017-03-09 11:10:26",1,-1
4094,106,3,0.00,1,"2017-03-09 11:10:26",1,-1
4095,107,3,0.00,1,"2017-03-09 11:10:26",1,-1
4096,108,3,0.00,1,"2017-03-09 11:10:26",1,-1
4097,109,3,0.00,1,"2017-03-09 11:10:26",1,-1
4098,110,3,0.00,1,"2017-03-09 11:10:26",1,-1
4099,111,3,0.00,1,"2017-03-09 11:10:26",1,-1
4100,112,3,0.00,1,"2017-03-09 11:10:26",1,-1
4101,114,3,0.00,1,"2017-03-09 11:10:26",1,-1
4102,115,3,0.00,1,"2017-03-09 11:10:26",1,-1
4103,116,3,0.00,1,"2017-03-09 11:10:26",1,-1
4104,118,3,0.00,1,"2017-03-09 11:10:26",1,-1
4105,122,3,0.00,1,"2017-03-09 11:10:26",1,-1
4106,123,3,0.00,1,"2017-03-09 11:10:26",1,-1
4107,124,3,0.00,1,"2017-03-09 11:10:26",1,-1
4108,125,3,0.00,1,"2017-03-09 11:10:26",1,-1
4109,126,3,0.00,1,"2017-03-09 11:10:26",1,-1
4110,127,3,0.00,1,"2017-03-09 11:10:26",1,-1
4111,128,3,0.00,1,"2017-03-09 11:10:26",1,-1
4112,129,3,0.00,1,"2017-03-09 11:10:26",1,-1
4113,130,3,0.00,1,"2017-03-09 11:10:26",1,-1
4114,131,3,0.00,1,"2017-03-09 11:10:26",1,-1
4115,132,3,0.00,1,"2017-03-09 11:10:26",1,-1
4116,133,3,0.00,1,"2017-03-09 11:10:26",1,-1
4117,134,3,0.00,1,"2017-03-09 11:10:26",1,-1
4118,135,3,0.00,1,"2017-03-09 11:10:26",1,-1
4119,136,3,0.00,1,"2017-03-09 11:10:26",1,-1
4120,137,3,0.00,1,"2017-03-09 11:10:26",1,-1
4121,138,3,0.00,1,"2017-03-09 11:10:26",1,-1
4122,139,3,0.00,1,"2017-03-09 11:10:26",1,-1
4123,140,3,0.00,1,"2017-03-09 11:10:26",1,-1
4124,141,3,0.00,1,"2017-03-09 11:10:26",1,-1
4125,142,3,0.00,1,"2017-03-09 11:10:26",1,-1
4126,143,3,0.00,1,"2017-03-09 11:10:26",1,-1
4127,144,3,0.00,1,"2017-03-09 11:10:26",1,-1
4128,145,3,0.00,1,"2017-03-09 11:10:26",1,-1
4129,146,3,0.00,1,"2017-03-09 11:10:26",1,-1
4130,147,3,0.00,1,"2017-03-09 11:10:26",1,-1
4131,148,3,0.00,1,"2017-03-09 11:10:26",1,-1
4132,149,3,0.00,1,"2017-03-09 11:10:26",1,-1
4133,152,3,0.00,1,"2017-03-09 11:10:26",1,-1
4134,153,3,0.00,1,"2017-03-09 11:10:26",1,-1
4135,155,3,0.00,1,"2017-03-09 11:10:26",1,-1
4136,157,3,0.00,1,"2017-03-09 11:10:26",1,-1
4137,160,3,0.00,1,"2017-03-09 11:10:26",1,-1
4138,161,3,0.00,1,"2017-03-09 11:10:26",1,-1
4139,163,3,0.00,1,"2017-03-09 11:10:26",1,-1
4140,165,3,0.00,1,"2017-03-09 11:10:26",1,-1
4141,168,3,0.00,1,"2017-03-09 11:10:26",1,-1
4142,169,3,0.00,1,"2017-03-09 11:10:26",1,-1
4143,172,3,0.00,1,"2017-03-09 11:10:26",1,-1
4144,173,3,0.00,1,"2017-03-09 11:10:26",1,-1
4145,174,3,0.00,1,"2017-03-09 11:10:26",1,-1
4146,178,3,0.00,1,"2017-03-09 11:10:26",1,-1
4147,179,3,0.00,1,"2017-03-09 11:10:26",1,-1
4148,180,3,0.00,1,"2017-03-09 11:10:26",1,-1
4149,181,3,0.00,1,"2017-03-09 11:10:26",1,-1
4151,183,3,0.00,1,"2017-03-09 11:10:26",1,-1
4152,184,3,0.00,1,"2017-03-09 11:10:26",1,-1
4153,185,3,0.00,1,"2017-03-09 11:10:26",1,-1
4154,187,3,0.00,1,"2017-03-09 11:10:26",1,-1
4155,188,3,0.00,1,"2017-03-09 11:10:26",1,-1
4156,189,3,0.00,1,"2017-03-09 11:10:26",1,-1
4157,190,3,0.00,1,"2017-03-09 11:10:26",1,-1
4158,191,3,0.00,1,"2017-03-09 11:10:26",1,-1
4159,192,3,0.00,1,"2017-03-09 11:10:26",1,-1
4160,193,3,0.00,1,"2017-03-09 11:10:26",1,-1
4161,194,3,0.00,1,"2017-03-09 11:10:26",1,-1
4162,195,3,0.00,1,"2017-03-09 11:10:26",1,-1
4163,196,3,0.00,1,"2017-03-09 11:10:26",1,-1
4164,197,3,0.00,1,"2017-03-09 11:10:26",1,-1
4165,200,3,0.00,1,"2017-03-09 11:10:26",1,-1
4166,203,3,0.00,1,"2017-03-09 11:10:26",1,-1
4167,204,3,0.00,1,"2017-03-09 11:10:26",1,-1
4168,205,3,0.00,1,"2017-03-09 11:10:26",1,-1
4169,206,3,0.00,1,"2017-03-09 11:10:26",1,-1
4170,207,3,0.00,1,"2017-03-09 11:10:26",1,16
4171,208,3,0.00,1,"2017-03-09 11:10:26",1,16
4172,209,3,0.00,1,"2017-03-09 11:10:26",1,51
4173,210,3,0.00,1,"2017-03-09 11:10:26",1,51
4174,211,3,0.00,1,"2017-03-09 11:10:26",1,-1
4175,212,3,0.00,1,"2017-03-09 11:10:26",1,-1
4176,213,3,0.00,1,"2017-03-09 11:10:26",1,-1
4177,214,3,0.00,1,"2017-03-09 11:10:26",1,-1
4178,216,3,0.00,1,"2017-03-09 11:10:26",1,-1
4250,-1,4,0.00,1,"2017-03-09 11:10:36",1,NULL
4251,2,4,0.00,1,"2017-03-09 11:10:36",1,27
4252,3,4,0.00,1,"2017-03-09 11:10:36",1,27
4253,4,4,0.00,1,"2017-03-09 11:10:36",1,27
4254,5,4,0.00,1,"2017-03-09 11:10:36",1,61
4255,6,4,0.00,1,"2017-03-09 11:10:36",1,23
4256,7,4,0.00,1,"2017-03-09 11:10:36",1,23
4257,8,4,0.00,1,"2017-03-09 11:10:36",1,23
4258,9,4,0.00,1,"2017-03-09 11:10:36",1,9
4259,10,4,0.00,1,"2017-03-09 11:10:36",1,3
4260,11,4,0.00,1,"2017-03-09 11:10:36",1,3
4261,12,4,0.00,1,"2017-03-09 11:10:36",1,44
4262,13,4,0.00,1,"2017-03-09 11:10:36",1,44
4263,14,4,0.00,1,"2017-03-09 11:10:36",1,27
4264,15,4,0.00,1,"2017-03-09 11:10:36",1,27
4265,16,4,0.00,1,"2017-03-09 11:10:36",1,26
4266,17,4,0.00,1,"2017-03-09 11:10:36",1,25
4267,18,4,0.00,1,"2017-03-09 11:10:36",1,14
4268,19,4,0.00,1,"2017-03-09 11:10:36",1,-1
4269,20,4,0.00,1,"2017-03-09 11:10:36",1,35
4270,21,4,0.00,1,"2017-03-09 11:10:36",1,27
4271,22,4,0.00,1,"2017-03-09 11:10:36",1,27
4272,23,4,0.00,1,"2017-03-09 11:10:36",1,36
4273,24,4,0.00,1,"2017-03-09 11:10:36",1,-1
4274,25,4,0.00,1,"2017-03-09 11:10:36",1,10
4275,26,4,0.00,1,"2017-03-09 11:10:36",1,29
4276,28,4,0.00,1,"2017-03-09 11:10:36",1,-1
4277,29,4,0.00,1,"2017-03-09 11:10:36",1,45
4278,30,4,0.00,1,"2017-03-09 11:10:36",1,-1
4279,31,4,0.00,1,"2017-03-09 11:10:36",1,11
4280,32,4,0.00,1,"2017-03-09 11:10:36",1,39
4281,33,4,0.00,1,"2017-03-09 11:10:36",1,27
4282,34,4,0.00,1,"2017-03-09 11:10:36",1,-1
4283,35,4,0.00,1,"2017-03-09 11:10:36",1,64
4284,36,4,0.00,1,"2017-03-09 11:10:36",1,39
4285,37,4,0.00,1,"2017-03-09 11:10:36",1,58
4286,41,4,0.00,1,"2017-03-09 11:10:36",1,15
4287,42,4,0.00,1,"2017-03-09 11:10:36",1,20
4288,43,4,0.00,1,"2017-03-09 11:10:36",1,43
4289,44,4,0.00,1,"2017-03-09 11:10:36",1,60
4290,45,4,0.00,1,"2017-03-09 11:10:36",1,5
4291,46,4,0.00,1,"2017-03-09 11:10:36",1,19
4292,47,4,0.00,1,"2017-03-09 11:10:36",1,1
4293,48,4,0.00,1,"2017-03-09 11:10:36",1,2
4294,49,4,10.00,1,"2017-03-09 11:10:36",1,-1
4295,50,4,10.00,1,"2017-03-09 11:10:36",1,-1
4296,51,4,10.00,1,"2017-03-09 11:10:36",1,-1
4297,52,4,0.00,1,"2017-03-09 11:10:36",1,-1
4298,53,4,0.00,1,"2017-03-09 11:10:36",1,-1
4299,54,4,0.00,1,"2017-03-09 11:10:36",1,-1
4300,55,4,0.00,1,"2017-03-09 11:10:36",1,-1
4301,56,4,0.00,1,"2017-03-09 11:10:36",1,-1
4302,57,4,0.00,1,"2017-03-09 11:10:36",1,-1
4303,58,4,30.00,1,"2017-03-09 11:10:36",1,-1
4304,59,4,0.00,1,"2017-03-09 11:10:36",1,-1
4305,60,4,30.00,1,"2017-03-09 11:10:36",1,-1
4306,61,4,0.00,1,"2017-03-09 11:10:36",1,-1
4307,62,4,15.00,1,"2017-03-09 11:10:36",1,-1
4308,63,4,0.00,1,"2017-03-09 11:10:36",1,-1
4309,64,4,0.00,1,"2017-03-09 11:10:36",1,-1
4310,66,4,0.00,1,"2017-03-09 11:10:36",1,-1
4311,67,4,0.00,1,"2017-03-09 11:10:36",1,-1
4312,68,4,0.00,1,"2017-03-09 11:10:36",1,-1
4313,69,4,0.00,1,"2017-03-09 11:10:36",1,-1
4314,70,4,0.00,1,"2017-03-09 11:10:36",1,-1
4315,71,4,0.00,1,"2017-03-09 11:10:36",1,-1
4316,72,4,0.00,1,"2017-03-09 11:10:36",1,-1
4317,73,4,0.00,1,"2017-03-09 11:10:36",1,-1
4318,74,4,0.00,1,"2017-03-09 11:10:36",1,-1
4319,75,4,0.00,1,"2017-03-09 11:10:36",1,-1
4320,76,4,0.00,1,"2017-03-09 11:10:36",1,-1
4321,77,4,0.00,1,"2017-03-09 11:10:36",1,-1
4322,79,4,0.00,1,"2017-03-09 11:10:36",1,-1
4323,80,4,0.00,1,"2017-03-09 11:10:36",1,-1
4324,81,4,0.00,1,"2017-03-09 11:10:36",1,-1
4325,82,4,0.00,1,"2017-03-09 11:10:36",1,-1
4326,83,4,0.00,1,"2017-03-09 11:10:36",1,-1
4327,84,4,0.00,1,"2017-03-09 11:10:36",1,-1
4328,85,4,0.00,1,"2017-03-09 11:10:36",1,-1
4329,86,4,0.00,1,"2017-03-09 11:10:36",1,-1
4330,87,4,0.00,1,"2017-03-09 11:10:36",1,-1
4331,88,4,0.00,1,"2017-03-09 11:10:36",1,-1
4332,89,4,0.00,1,"2017-03-09 11:10:36",1,-1
4333,90,4,0.00,1,"2017-03-09 11:10:36",1,-1
4334,91,4,0.00,1,"2017-03-09 11:10:36",1,-1
4335,92,4,0.00,1,"2017-03-09 11:10:36",1,-1
4336,93,4,0.00,1,"2017-03-09 11:10:36",1,-1
4337,94,4,0.00,1,"2017-03-09 11:10:36",1,-1
4338,95,4,0.00,1,"2017-03-09 11:10:36",1,-1
4339,96,4,0.00,1,"2017-03-09 11:10:36",1,-1
4340,97,4,0.00,1,"2017-03-09 11:10:36",1,-1
4341,98,4,0.00,1,"2017-03-09 11:10:36",1,-1
4342,99,4,0.00,1,"2017-03-09 11:10:36",1,-1
4343,100,4,0.00,1,"2017-03-09 11:10:36",1,-1
4344,101,4,0.00,1,"2017-03-09 11:10:36",1,-1
4345,102,4,0.00,1,"2017-03-09 11:10:36",1,-1
4346,103,4,0.00,1,"2017-03-09 11:10:36",1,-1
4347,104,4,0.00,1,"2017-03-09 11:10:36",1,-1
4348,105,4,0.00,1,"2017-03-09 11:10:36",1,-1
4349,106,4,0.00,1,"2017-03-09 11:10:36",1,-1
4350,107,4,0.00,1,"2017-03-09 11:10:36",1,-1
4351,108,4,0.00,1,"2017-03-09 11:10:36",1,-1
4352,109,4,0.00,1,"2017-03-09 11:10:36",1,-1
4353,110,4,0.00,1,"2017-03-09 11:10:36",1,-1
4354,111,4,0.00,1,"2017-03-09 11:10:36",1,-1
4355,112,4,0.00,1,"2017-03-09 11:10:36",1,-1
4356,114,4,0.00,1,"2017-03-09 11:10:36",1,-1
4357,115,4,0.00,1,"2017-03-09 11:10:36",1,-1
4358,116,4,0.00,1,"2017-03-09 11:10:36",1,-1
4359,118,4,0.00,1,"2017-03-09 11:10:36",1,-1
4360,122,4,0.00,1,"2017-03-09 11:10:36",1,-1
4361,123,4,0.00,1,"2017-03-09 11:10:36",1,-1
4362,124,4,0.00,1,"2017-03-09 11:10:36",1,-1
4363,125,4,0.00,1,"2017-03-09 11:10:36",1,-1
4364,126,4,0.00,1,"2017-03-09 11:10:36",1,-1
4365,127,4,0.00,1,"2017-03-09 11:10:36",1,-1
4366,128,4,0.00,1,"2017-03-09 11:10:36",1,-1
4367,129,4,0.00,1,"2017-03-09 11:10:36",1,-1
4368,130,4,0.00,1,"2017-03-09 11:10:36",1,-1
4369,131,4,0.00,1,"2017-03-09 11:10:36",1,-1
4370,132,4,0.00,1,"2017-03-09 11:10:36",1,-1
4371,133,4,0.00,1,"2017-03-09 11:10:36",1,-1
4372,134,4,0.00,1,"2017-03-09 11:10:36",1,-1
4373,135,4,0.00,1,"2017-03-09 11:10:36",1,-1
4374,136,4,0.00,1,"2017-03-09 11:10:36",1,-1
4375,137,4,0.00,1,"2017-03-09 11:10:36",1,-1
4376,138,4,0.00,1,"2017-03-09 11:10:36",1,-1
4377,139,4,0.00,1,"2017-03-09 11:10:36",1,-1
4378,140,4,0.00,1,"2017-03-09 11:10:36",1,-1
4379,141,4,0.00,1,"2017-03-09 11:10:36",1,-1
4380,142,4,0.00,1,"2017-03-09 11:10:36",1,-1
4381,143,4,0.00,1,"2017-03-09 11:10:36",1,-1
4382,144,4,0.00,1,"2017-03-09 11:10:36",1,-1
4383,145,4,0.00,1,"2017-03-09 11:10:36",1,-1
4384,146,4,0.00,1,"2017-03-09 11:10:36",1,-1
4385,147,4,0.00,1,"2017-03-09 11:10:36",1,-1
4386,148,4,0.00,1,"2017-03-09 11:10:36",1,-1
4387,149,4,0.00,1,"2017-03-09 11:10:36",1,-1
4388,152,4,0.00,1,"2017-03-09 11:10:36",1,-1
4389,153,4,0.00,1,"2017-03-09 11:10:36",1,-1
4390,155,4,0.00,1,"2017-03-09 11:10:36",1,-1
4391,157,4,0.00,1,"2017-03-09 11:10:36",1,-1
4392,160,4,0.00,1,"2017-03-09 11:10:36",1,-1
4393,161,4,0.00,1,"2017-03-09 11:10:36",1,-1
4394,163,4,0.00,1,"2017-03-09 11:10:36",1,-1
4395,165,4,0.00,1,"2017-03-09 11:10:36",1,-1
4396,168,4,0.00,1,"2017-03-09 11:10:36",1,-1
4397,169,4,0.00,1,"2017-03-09 11:10:36",1,-1
4398,172,4,0.00,1,"2017-03-09 11:10:36",1,-1
4399,173,4,0.00,1,"2017-03-09 11:10:36",1,-1
4400,174,4,0.00,1,"2017-03-09 11:10:36",1,-1
4401,178,4,0.00,1,"2017-03-09 11:10:36",1,-1
4402,179,4,0.00,1,"2017-03-09 11:10:36",1,-1
4403,180,4,0.00,1,"2017-03-09 11:10:36",1,-1
4404,181,4,0.00,1,"2017-03-09 11:10:36",1,-1
4405,182,4,0.00,1,"2017-03-09 11:10:36",1,-1
4406,183,4,0.00,1,"2017-03-09 11:10:36",1,-1
4407,184,4,0.00,1,"2017-03-09 11:10:36",1,-1
4408,185,4,0.00,1,"2017-03-09 11:10:36",1,-1
4409,187,4,0.00,1,"2017-03-09 11:10:36",1,-1
4410,188,4,0.00,1,"2017-03-09 11:10:36",1,-1
4411,189,4,0.00,1,"2017-03-09 11:10:36",1,-1
4412,190,4,0.00,1,"2017-03-09 11:10:36",1,-1
4413,191,4,0.00,1,"2017-03-09 11:10:36",1,-1
4414,192,4,0.00,1,"2017-03-09 11:10:36",1,-1
4415,193,4,0.00,1,"2017-03-09 11:10:36",1,-1
4416,194,4,0.00,1,"2017-03-09 11:10:36",1,-1
4417,195,4,0.00,1,"2017-03-09 11:10:36",1,-1
4418,196,4,0.00,1,"2017-03-09 11:10:36",1,-1
4419,197,4,0.00,1,"2017-03-09 11:10:36",1,-1
4420,200,4,0.00,1,"2017-03-09 11:10:36",1,-1
4421,203,4,0.00,1,"2017-03-09 11:10:36",1,-1
4422,204,4,0.00,1,"2017-03-09 11:10:36",1,-1
4423,205,4,0.00,1,"2017-03-09 11:10:36",1,-1
4424,206,4,0.00,1,"2017-03-09 11:10:36",1,-1
4425,207,4,0.00,1,"2017-03-09 11:10:36",1,16
4426,208,4,0.00,1,"2017-03-09 11:10:36",1,16
4427,209,4,0.00,1,"2017-03-09 11:10:36",1,51
4428,210,4,0.00,1,"2017-03-09 11:10:36",1,51
4429,211,4,0.00,1,"2017-03-09 11:10:36",1,-1
4430,212,4,0.00,1,"2017-03-09 11:10:36",1,-1
4431,213,4,0.00,1,"2017-03-09 11:10:36",1,-1
4432,214,4,0.00,1,"2017-03-09 11:10:36",1,-1
4433,216,4,0.00,1,"2017-03-09 11:10:36",1,-1
4505,1,4,0.00,1,"2017-03-09 11:13:25",1,27
4506,27,4,30.00,1,"2017-03-09 11:13:25",1,46
4507,38,4,0.00,1,"2017-03-09 11:13:25",1,26
4508,39,4,0.00,1,"2017-03-09 11:13:25",1,16
4509,40,4,0.00,1,"2017-03-09 11:13:25",1,16
4510,65,4,-1.00,1,"2017-03-09 11:13:25",1,-1
4511,119,4,0.00,1,"2017-03-09 11:13:25",1,-1
4512,120,4,0.00,1,"2017-03-09 11:13:25",1,-1
4513,121,4,0.00,1,"2017-03-09 11:13:25",1,-1
4514,150,4,0.00,1,"2017-03-09 11:13:25",1,-1
4515,151,4,0.00,1,"2017-03-09 11:13:25",1,-1
4516,154,4,0.00,1,"2017-03-09 11:13:25",1,-1
4517,156,4,0.00,1,"2017-03-09 11:13:25",1,-1
4518,158,4,0.00,1,"2017-03-09 11:13:25",1,-1
4519,159,4,0.00,1,"2017-03-09 11:13:25",1,-1
4520,162,4,0.00,1,"2017-03-09 11:13:25",1,-1
4521,164,4,0.00,1,"2017-03-09 11:13:25",1,-1
4522,166,4,0.00,1,"2017-03-09 11:13:25",1,-1
4523,167,4,0.00,1,"2017-03-09 11:13:25",1,-1
4524,170,4,0.00,1,"2017-03-09 11:13:25",1,-1
4525,171,4,0.00,1,"2017-03-09 11:13:25",1,-1
4526,175,4,0.00,1,"2017-03-09 11:13:25",1,-1
4527,176,4,0.00,1,"2017-03-09 11:13:25",1,-1
4528,177,4,NULL,1,"2017-03-09 11:13:25",1,51
4529,186,4,0.00,1,"2017-03-09 11:13:25",1,-1
4530,198,4,NULL,1,"2017-03-09 11:13:25",1,48
4531,199,4,0.00,1,"2017-03-09 11:13:25",1,-1
4532,201,4,0.00,1,"2017-03-09 11:13:25",1,-1
4533,202,4,0.00,1,"2017-03-09 11:13:25",1,-1
4534,215,4,0.00,1,"2017-03-09 11:13:25",1,-1
4536,1,3,0.00,1,"2017-03-09 11:13:31",1,27
4537,27,3,30.00,1,"2017-03-09 11:13:31",1,46
4538,38,3,0.00,1,"2017-03-09 11:13:31",1,26
4539,39,3,0.00,1,"2017-03-09 11:13:31",1,16
4540,40,3,0.00,1,"2017-03-09 11:13:31",1,16
4541,65,3,-1.00,1,"2017-03-09 11:13:31",1,-1
4542,119,3,0.00,1,"2017-03-09 11:13:31",1,-1
4543,120,3,0.00,1,"2017-03-09 11:13:31",1,-1
4544,121,3,0.00,1,"2017-03-09 11:13:31",1,-1
4545,150,3,0.00,1,"2017-03-09 11:13:31",1,-1
4546,151,3,0.00,1,"2017-03-09 11:13:31",1,-1
4547,154,3,0.00,1,"2017-03-09 11:13:31",1,-1
4548,156,3,0.00,1,"2017-03-09 11:13:31",1,-1
4549,158,3,0.00,1,"2017-03-09 11:13:31",1,-1
4550,159,3,0.00,1,"2017-03-09 11:13:31",1,-1
4551,162,3,0.00,1,"2017-03-09 11:13:31",1,-1
4552,164,3,0.00,1,"2017-03-09 11:13:31",1,-1
4553,166,3,0.00,1,"2017-03-09 11:13:31",1,-1
4554,167,3,0.00,1,"2017-03-09 11:13:31",1,-1
4555,170,3,0.00,1,"2017-03-09 11:13:31",1,-1
4556,171,3,0.00,1,"2017-03-09 11:13:31",1,-1
4557,175,3,0.00,1,"2017-03-09 11:13:31",1,-1
4558,176,3,0.00,1,"2017-03-09 11:13:31",1,-1
4559,177,3,NULL,1,"2017-03-09 11:13:31",1,51
4560,186,3,0.00,1,"2017-03-09 11:13:31",1,-1
4561,198,3,NULL,1,"2017-03-09 11:13:31",1,48
4562,199,3,0.00,1,"2017-03-09 11:13:31",1,-1
4563,201,3,0.00,1,"2017-03-09 11:13:31",1,-1
4564,202,3,0.00,1,"2017-03-09 11:13:31",1,-1
4565,215,3,0.00,1,"2017-03-09 11:13:31",1,-1
4566,225,2,0.00,1,"2017-05-11 11:03:33",0,-1
4567,225,3,0.00,1,"2017-05-11 11:03:34",0,-1
4568,225,4,0.00,1,"2017-05-11 11:03:34",0,-1
4569,226,2,0.00,1,"2017-05-11 11:07:24",0,-1
4570,226,3,0.00,1,"2017-05-11 11:07:24",0,-1
4571,226,4,0.00,1,"2017-05-11 11:07:24",0,-1
4572,227,2,0.00,1,"2017-05-11 11:13:11",0,-1
4573,227,3,0.00,1,"2017-05-11 11:13:11",0,-1
4574,227,4,0.00,1,"2017-05-11 11:13:11",0,-1
4575,228,2,0.00,1,"2017-05-11 11:14:18",0,-1
4576,228,3,0.00,1,"2017-05-11 11:14:18",0,-1
4577,228,4,0.00,1,"2017-05-11 11:14:19",0,-1
4578,229,2,0.00,1,"2017-05-11 11:15:59",0,-1
4579,229,3,0.00,1,"2017-05-11 11:15:59",0,-1
4580,229,4,0.00,1,"2017-05-11 11:16:00",0,-1
4581,230,2,0.00,1,"2017-05-11 11:53:10",0,-1
4582,230,3,0.00,1,"2017-05-11 11:53:10",0,-1
4583,230,4,0.00,1,"2017-05-11 11:53:10",0,-1
4584,231,2,0.00,1,"2017-05-11 11:54:15",0,-1
4585,231,3,0.00,1,"2017-05-11 11:54:15",0,-1
4586,231,4,0.00,1,"2017-05-11 11:54:15",0,-1
4587,232,2,0.00,1,"2017-05-11 11:55:49",0,-1
4588,232,3,0.00,1,"2017-05-11 11:55:49",0,-1
4589,232,4,0.00,1,"2017-05-11 11:55:50",0,-1
4590,233,2,0.00,1,"2017-05-11 11:56:47",0,-1
4591,233,3,0.00,1,"2017-05-11 11:56:48",0,-1
4592,233,4,0.00,1,"2017-05-11 11:56:48",0,-1
4593,234,2,0.00,1,"2017-05-11 11:59:31",0,-1
4594,234,3,0.00,1,"2017-05-11 11:59:32",0,-1
4595,234,4,0.00,1,"2017-05-11 11:59:32",0,-1
4596,235,2,0.00,1,"2017-05-11 12:00:27",0,-1
4597,235,3,0.00,1,"2017-05-11 12:00:27",0,-1
4598,235,4,0.00,1,"2017-05-11 12:00:27",0,-1
4599,236,2,0.00,1,"2017-05-11 12:02:58",0,-1
4600,236,3,0.00,1,"2017-05-11 12:02:59",0,-1
4601,236,4,0.00,1,"2017-05-11 12:02:59",0,-1
4602,237,2,0.00,1,"2017-05-11 12:04:39",0,-1
4603,237,3,0.00,1,"2017-05-11 12:04:39",0,-1
4604,237,4,0.00,1,"2017-05-11 12:04:39",0,-1
4605,238,2,0.00,1,"2017-05-11 12:05:32",0,-1
4606,238,3,0.00,1,"2017-05-11 12:05:32",0,-1
4607,238,4,0.00,1,"2017-05-11 12:05:33",0,-1
4608,239,2,0.00,1,"2017-05-11 12:06:32",0,-1
4609,239,3,0.00,1,"2017-05-11 12:06:32",0,-1
4610,239,4,0.00,1,"2017-05-11 12:06:32",0,-1
4611,240,2,0.00,1,"2017-05-11 12:15:15",0,-1
4612,240,3,0.00,1,"2017-05-11 12:15:16",0,-1
4613,240,4,0.00,1,"2017-05-11 12:15:16",0,-1
4614,241,2,0.00,1,"2017-05-11 12:16:04",0,-1
4615,241,3,0.00,1,"2017-05-11 12:16:05",0,-1
4616,241,4,0.00,1,"2017-05-11 12:16:05",0,-1
4617,242,2,0.00,1,"2017-05-11 12:23:01",0,-1
4618,242,3,0.00,1,"2017-05-11 12:23:01",0,-1
4619,242,4,0.00,1,"2017-05-11 12:23:01",0,-1
4620,243,2,0.00,1,"2017-05-11 12:24:00",0,-1
4621,243,3,0.00,1,"2017-05-11 12:24:00",0,-1
4622,243,4,0.00,1,"2017-05-11 12:24:01",0,-1
4623,244,2,0.00,1,"2017-05-11 12:24:45",0,-1
4624,244,3,0.00,1,"2017-05-11 12:24:46",0,-1
4625,244,4,0.00,1,"2017-05-11 12:24:46",0,-1
4626,245,2,0.00,1,"2017-05-11 12:25:47",0,-1
4627,245,3,0.00,1,"2017-05-11 12:25:47",0,-1
4628,245,4,0.00,1,"2017-05-11 12:25:48",0,-1
4629,246,2,0.00,1,"2017-05-11 12:29:07",0,-1
4630,246,3,0.00,1,"2017-05-11 12:29:07",0,-1
4631,246,4,0.00,1,"2017-05-11 12:29:07",0,-1
4632,247,2,0.00,1,"2017-05-11 12:34:18",0,-1
4633,247,3,0.00,1,"2017-05-11 12:34:18",0,-1
4634,247,4,0.00,1,"2017-05-11 12:34:19",0,-1
4635,248,2,0.00,1,"2017-05-11 15:42:41",0,-1
4636,248,3,0.00,1,"2017-05-11 15:42:42",0,-1
4637,248,4,0.00,1,"2017-05-11 15:42:42",0,-1
4638,249,2,0.00,1,"2017-05-11 15:43:53",0,-1
4639,249,3,0.00,1,"2017-05-11 15:43:53",0,-1
4640,249,4,0.00,1,"2017-05-11 15:43:54",0,-1
4641,250,2,0.00,1,"2017-05-11 15:53:00",0,-1
4642,250,3,0.00,1,"2017-05-11 15:53:00",0,-1
4643,250,4,0.00,1,"2017-05-11 15:53:00",0,-1
4644,251,2,0.00,1,"2017-05-11 16:27:36",0,51
4645,251,3,0.00,1,"2017-05-11 16:27:37",0,51
4646,251,4,0.00,1,"2017-05-11 16:27:37",0,51
4647,252,2,0.00,1,"2017-05-11 16:53:50",0,-1
4648,252,3,0.00,1,"2017-05-11 16:53:50",0,-1
4649,252,4,0.00,1,"2017-05-11 16:53:50",0,-1
4650,253,2,0.00,1,"2017-05-11 17:41:25",0,26
4651,253,3,0.00,1,"2017-05-11 17:41:25",0,26
4652,253,4,0.00,1,"2017-05-11 17:41:25",0,26
4653,254,2,0.00,1,"2017-05-11 17:49:33",0,26
4654,254,3,0.00,1,"2017-05-11 17:49:33",0,26
4655,254,4,0.00,1,"2017-05-11 17:49:34",0,26
4657,255,3,0.00,1,"2017-05-11 18:05:57",0,-1
4658,255,4,0.00,1,"2017-05-11 18:05:57",0,-1
4660,256,3,0.00,1,"2017-05-11 18:08:28",0,-1
4661,256,4,0.00,1,"2017-05-11 18:08:28",0,-1
4662,257,2,0.00,1,"2017-05-11 18:36:55",0,-1
4663,257,3,0.00,1,"2017-05-11 18:36:55",0,-1
4664,257,4,0.00,1,"2017-05-11 18:36:56",0,-1
4665,258,2,0.00,1,"2017-05-11 18:40:05",0,51
4666,258,3,0.00,1,"2017-05-11 18:40:05",0,51
4667,258,4,0.00,1,"2017-05-11 18:40:05",0,51
4668,259,2,0.00,1,"2017-05-11 18:49:35",0,-1
4669,259,3,0.00,1,"2017-05-11 18:49:35",0,-1
4670,259,4,0.00,1,"2017-05-11 18:49:35",0,-1
4672,260,3,0.00,1,"2017-05-11 18:52:04",0,-1
4673,260,4,0.00,1,"2017-05-11 18:52:04",0,-1
4674,261,2,0.00,1,"2017-05-11 18:57:23",0,-1
4675,261,3,0.00,1,"2017-05-11 18:57:24",0,-1
4676,261,4,0.00,1,"2017-05-11 18:57:24",0,-1
4677,262,2,0.00,1,"2017-05-11 18:58:53",0,-1
4678,262,3,0.00,1,"2017-05-11 18:58:53",0,-1
4679,262,4,0.00,1,"2017-05-11 18:58:53",0,-1
4680,263,2,0.00,1,"2017-05-11 18:59:15",0,-1
4681,263,3,0.00,1,"2017-05-11 18:59:16",0,-1
4682,263,4,0.00,1,"2017-05-11 18:59:16",0,-1
4683,264,2,0.00,1,"2017-05-11 19:01:15",0,-1
4684,264,3,0.00,1,"2017-05-11 19:01:15",0,-1
4685,264,4,0.00,1,"2017-05-11 19:01:16",0,-1
4686,265,2,0.00,1,"2017-05-11 19:02:35",0,-1
4687,265,3,0.00,1,"2017-05-11 19:02:35",0,-1
4688,265,4,0.00,1,"2017-05-11 19:02:35",0,-1
4689,266,2,0.00,1,"2017-05-11 19:02:51",0,-1
4690,266,3,0.00,1,"2017-05-11 19:02:51",0,-1
4691,266,4,0.00,1,"2017-05-11 19:02:51",0,-1
4693,267,3,0.00,1,"2017-05-12 15:48:22",0,-1
4694,267,4,0.00,1,"2017-05-12 15:48:23",0,-1
4695,268,2,0.00,1,"2017-05-25 16:54:39",0,-1
4696,268,3,0.00,1,"2017-05-25 16:54:40",0,-1
4697,268,4,0.00,1,"2017-05-25 16:54:40",0,-1
4698,269,2,0.00,1,"2017-05-25 17:53:40",0,-1
4699,269,3,0.00,1,"2017-05-25 17:53:40",0,-1
4700,269,4,0.00,1,"2017-05-25 17:53:40",0,-1
4701,270,2,0.00,1,"2017-05-25 17:54:23",0,-1
4702,270,3,0.00,1,"2017-05-25 17:54:23",0,-1
4703,270,4,0.00,1,"2017-05-25 17:54:23",0,-1
4704,271,2,0.00,1,"2017-05-25 18:09:24",0,-1
4705,271,3,0.00,1,"2017-05-25 18:09:24",0,-1
4706,271,4,0.00,1,"2017-05-25 18:09:24",0,-1
4707,272,2,30.00,1,"2017-05-25 18:09:53",0,-1
4708,272,3,30.00,1,"2017-05-25 18:09:53",0,-1
4709,272,4,30.00,1,"2017-05-25 18:09:53",0,-1
4710,273,2,15.00,1,"2017-05-25 18:10:38",0,-1
4711,273,3,15.00,1,"2017-05-25 18:10:38",0,-1
4712,273,4,15.00,1,"2017-05-25 18:10:38",0,-1
4713,274,2,15.00,1,"2017-05-25 18:10:57",0,-1
4714,274,3,15.00,1,"2017-05-25 18:10:57",0,-1
4715,274,4,15.00,1,"2017-05-25 18:10:57",0,-1
4716,275,2,0.00,1,"2017-05-25 18:11:25",0,-1
4717,275,3,0.00,1,"2017-05-25 18:11:26",0,-1
4718,275,4,0.00,1,"2017-05-25 18:11:26",0,-1
4719,276,2,0.00,1,"2017-05-25 18:11:55",0,-1
4720,276,3,0.00,1,"2017-05-25 18:11:55",0,-1
4721,276,4,0.00,1,"2017-05-25 18:11:55",0,-1
4722,277,2,0.00,1,"2017-05-25 18:12:14",0,-1
4723,277,3,0.00,1,"2017-05-25 18:12:14",0,-1
4724,277,4,0.00,1,"2017-05-25 18:12:15",0,-1
4725,278,2,0.00,1,"2017-05-25 18:12:27",0,-1
4726,278,3,0.00,1,"2017-05-25 18:12:27",0,-1
4727,278,4,0.00,1,"2017-05-25 18:12:27",0,-1
4728,279,2,0.00,1,"2017-05-25 18:13:12",0,-1
4729,279,3,0.00,1,"2017-05-25 18:13:12",0,-1
4730,279,4,0.00,1,"2017-05-25 18:13:12",0,-1
4731,280,2,0.00,1,"2017-05-25 18:21:19",0,-1
4732,280,3,0.00,1,"2017-05-25 18:21:19",0,-1
4733,280,4,0.00,1,"2017-05-25 18:21:19",0,-1
4734,281,2,0.00,1,"2017-06-01 10:48:07",0,-1
4735,281,3,0.00,1,"2017-06-01 10:48:07",0,-1
4736,281,4,0.00,1,"2017-06-01 10:48:07",0,-1
4737,282,2,2.00,1,"2017-06-01 10:56:49",0,-1
4738,282,3,2.00,1,"2017-06-01 10:56:49",0,-1
4739,282,4,2.00,1,"2017-06-01 10:56:49",0,-1
4740,283,2,0.00,1,"2017-06-02 15:34:07",0,-1
4741,283,3,0.00,1,"2017-06-02 15:34:07",0,-1
4742,283,4,0.00,1,"2017-06-02 15:34:07",0,-1
4743,284,2,0.00,1,"2017-07-11 20:19:27",0,-1
4744,284,3,0.00,1,"2017-07-11 20:19:27",0,-1
4745,284,4,0.00,1,"2017-07-11 20:19:27",0,-1
4746,285,2,0.00,1,"2017-07-11 20:21:08",0,-1
4747,285,3,0.00,1,"2017-07-11 20:21:08",0,-1
4748,285,4,0.00,1,"2017-07-11 20:21:08",0,-1
4749,286,2,0.00,1,"2017-07-11 20:21:50",0,-1
4750,286,3,0.00,1,"2017-07-11 20:21:50",0,-1
4751,286,4,0.00,1,"2017-07-11 20:21:50",0,-1
4752,287,2,30.00,1,"2017-07-11 20:45:00",0,-1
4753,287,3,30.00,1,"2017-07-11 20:45:00",0,-1
4754,287,4,30.00,1,"2017-07-11 20:45:00",0,-1
4755,288,2,30.00,1,"2017-07-11 20:47:07",0,-1
4756,288,3,30.00,1,"2017-07-11 20:47:07",0,-1
4757,288,4,30.00,1,"2017-07-11 20:47:07",0,-1
4758,289,2,15.00,1,"2017-07-11 20:48:56",0,-1
4759,289,3,15.00,1,"2017-07-11 20:48:56",0,-1
4760,289,4,15.00,1,"2017-07-11 20:48:56",0,-1
4761,290,2,0.00,1,"2017-07-11 20:54:20",0,-1
4762,290,3,0.00,1,"2017-07-11 20:54:20",0,-1
4763,290,4,0.00,1,"2017-07-11 20:54:20",0,-1
4764,291,2,0.00,1,"2017-07-11 20:55:16",0,-1
4765,291,3,0.00,1,"2017-07-11 20:55:16",0,-1
4766,291,4,0.00,1,"2017-07-11 20:55:16",0,-1
4767,292,2,0.00,1,"2017-07-11 20:56:22",0,-1
4768,292,3,0.00,1,"2017-07-11 20:56:22",0,-1
4769,292,4,0.00,1,"2017-07-11 20:56:22",0,-1
4770,293,2,0.00,1,"2017-07-11 20:59:26",0,67
4771,293,3,0.00,1,"2017-07-11 20:59:26",0,67
4772,293,4,0.00,1,"2017-07-11 20:59:26",0,67
4773,294,2,0.00,1,"2017-07-11 21:00:13",0,67
4774,294,3,0.00,1,"2017-07-11 21:00:13",0,67
4775,294,4,0.00,1,"2017-07-11 21:00:13",0,67
4776,295,2,0.00,1,"2017-07-11 21:11:23",0,16
4777,295,3,0.00,1,"2017-07-11 21:11:23",0,16
4778,295,4,0.00,1,"2017-07-11 21:11:23",0,16
4779,296,2,0.00,1,"2017-07-11 21:12:15",0,16
4780,296,3,0.00,1,"2017-07-11 21:12:15",0,16
4781,296,4,0.00,1,"2017-07-11 21:12:15",0,16
4782,297,2,0.00,1,"2017-07-11 21:20:09",0,-1
4783,297,3,0.00,1,"2017-07-11 21:20:09",0,-1
4784,297,4,0.00,1,"2017-07-11 21:20:09",0,-1
4785,298,2,0.00,1,"2017-07-11 21:48:33",0,-1
4786,298,3,0.00,1,"2017-07-11 21:48:33",0,-1
4787,298,4,0.00,1,"2017-07-11 21:48:33",0,-1
4788,-1,5,0.00,1,"2017-11-07 10:48:57",1,NULL
4789,1,5,0.00,1,"2017-11-07 10:48:57",1,27
4790,2,5,0.00,1,"2017-11-07 10:48:57",1,27
4791,3,5,0.00,1,"2017-11-07 10:48:57",1,27
4792,4,5,0.00,1,"2017-11-07 10:48:57",1,27
4793,5,5,0.00,1,"2017-11-07 10:48:57",1,61
4794,6,5,0.00,1,"2017-11-07 10:48:57",1,23
4795,7,5,0.00,1,"2017-11-07 10:48:57",1,23
4796,8,5,0.00,1,"2017-11-07 10:48:57",1,23
4797,9,5,0.00,1,"2017-11-07 10:48:57",1,9
4798,10,5,0.00,1,"2017-11-07 10:48:57",1,3
4799,11,5,0.00,1,"2017-11-07 10:48:57",1,3
4800,12,5,0.00,1,"2017-11-07 10:48:57",1,44
4801,13,5,0.00,1,"2017-11-07 10:48:57",1,44
4802,14,5,0.00,1,"2017-11-07 10:48:57",1,27
4803,15,5,0.00,1,"2017-11-07 10:48:57",1,27
4804,16,5,0.00,1,"2017-11-07 10:48:57",1,26
4805,17,5,0.00,1,"2017-11-07 10:48:57",1,25
4806,18,5,0.00,1,"2017-11-07 10:48:57",1,14
4807,19,5,0.00,1,"2017-11-07 10:48:57",1,-1
4808,20,5,0.00,1,"2017-11-07 10:48:57",1,35
4809,21,5,0.00,1,"2017-11-07 10:48:57",1,27
4810,22,5,0.00,1,"2017-11-07 10:48:57",1,27
4811,23,5,0.00,1,"2017-11-07 10:48:57",1,36
4812,24,5,0.00,1,"2017-11-07 10:48:57",1,-1
4813,25,5,0.00,1,"2017-11-07 10:48:57",1,10
4814,26,5,0.00,1,"2017-11-07 10:48:57",1,29
4815,27,5,30.00,1,"2017-11-07 10:48:57",1,46
4816,28,5,0.00,1,"2017-11-07 10:48:57",1,-1
4817,29,5,0.00,1,"2017-11-07 10:48:57",1,45
4818,30,5,0.00,1,"2017-11-07 10:48:57",1,-1
4819,31,5,0.00,1,"2017-11-07 10:48:57",1,11
4820,32,5,0.00,1,"2017-11-07 10:48:57",1,39
4821,33,5,0.00,1,"2017-11-07 10:48:57",1,27
4822,34,5,0.00,1,"2017-11-07 10:48:57",1,-1
4823,35,5,0.00,1,"2017-11-07 10:48:57",1,64
4824,36,5,0.00,1,"2017-11-07 10:48:57",1,39
4825,37,5,0.00,1,"2017-11-07 10:48:57",1,58
4826,38,5,0.00,1,"2017-11-07 10:48:57",1,26
4827,39,5,0.00,1,"2017-11-07 10:48:57",1,16
4828,40,5,0.00,1,"2017-11-07 10:48:57",1,16
4829,41,5,0.00,1,"2017-11-07 10:48:57",1,15
4830,42,5,0.00,1,"2017-11-07 10:48:57",1,20
4831,43,5,0.00,1,"2017-11-07 10:48:57",1,43
4832,44,5,0.00,1,"2017-11-07 10:48:57",1,60
4833,45,5,0.00,1,"2017-11-07 10:48:57",1,5
4834,46,5,0.00,1,"2017-11-07 10:48:57",1,19
4835,47,5,0.00,1,"2017-11-07 10:48:57",1,1
4836,48,5,0.00,1,"2017-11-07 10:48:57",1,2
4837,49,5,10.00,1,"2017-11-07 10:48:57",1,-1
4838,50,5,10.00,1,"2017-11-07 10:48:57",1,-1
4839,51,5,10.00,1,"2017-11-07 10:48:57",1,-1
4840,52,5,0.00,1,"2017-11-07 10:48:57",1,-1
4841,53,5,0.00,1,"2017-11-07 10:48:57",1,-1
4842,54,5,0.00,1,"2017-11-07 10:48:57",1,-1
4843,55,5,0.00,1,"2017-11-07 10:48:57",1,-1
4844,56,5,0.00,1,"2017-11-07 10:48:57",1,-1
4845,57,5,0.00,1,"2017-11-07 10:48:57",1,-1
4846,58,5,30.00,1,"2017-11-07 10:48:57",1,-1
4847,59,5,0.00,1,"2017-11-07 10:48:57",1,-1
4848,60,5,30.00,1,"2017-11-07 10:48:57",1,-1
4849,61,5,0.00,1,"2017-11-07 10:48:57",1,-1
4850,62,5,15.00,1,"2017-11-07 10:48:57",1,-1
4851,63,5,0.00,1,"2017-11-07 10:48:57",1,-1
4852,64,5,0.00,1,"2017-11-07 10:48:57",1,-1
4853,65,5,-1.00,1,"2017-11-07 10:48:57",1,-1
4854,66,5,0.00,1,"2017-11-07 10:48:57",1,-1
4855,67,5,0.00,1,"2017-11-07 10:48:57",1,-1
4856,68,5,0.00,1,"2017-11-07 10:48:57",1,-1
4857,69,5,0.00,1,"2017-11-07 10:48:57",1,-1
4858,70,5,0.00,1,"2017-11-07 10:48:57",1,-1
4859,71,5,0.00,1,"2017-11-07 10:48:57",1,-1
4860,72,5,0.00,1,"2017-11-07 10:48:57",1,-1
4861,73,5,0.00,1,"2017-11-07 10:48:57",1,-1
4862,74,5,0.00,1,"2017-11-07 10:48:57",1,-1
4863,75,5,0.00,1,"2017-11-07 10:48:57",1,-1
4864,76,5,0.00,1,"2017-11-07 10:48:57",1,-1
4865,77,5,0.00,1,"2017-11-07 10:48:57",1,-1
4866,78,5,0.00,1,"2017-11-07 10:48:57",1,-1
4867,79,5,0.00,1,"2017-11-07 10:48:57",1,-1
4868,80,5,0.00,1,"2017-11-07 10:48:57",1,-1
4869,81,5,0.00,1,"2017-11-07 10:48:57",1,-1
4870,82,5,0.00,1,"2017-11-07 10:48:57",1,-1
4871,83,5,0.00,1,"2017-11-07 10:48:57",1,-1
4872,84,5,0.00,1,"2017-11-07 10:48:57",1,-1
4873,85,5,0.00,1,"2017-11-07 10:48:57",1,-1
4874,86,5,0.00,1,"2017-11-07 10:48:57",1,-1
4875,87,5,0.00,1,"2017-11-07 10:48:57",1,-1
4876,88,5,0.00,1,"2017-11-07 10:48:57",1,-1
4877,89,5,0.00,1,"2017-11-07 10:48:57",1,-1
4878,90,5,0.00,1,"2017-11-07 10:48:57",1,-1
4879,91,5,0.00,1,"2017-11-07 10:48:57",1,-1
4880,92,5,0.00,1,"2017-11-07 10:48:57",1,-1
4881,93,5,0.00,1,"2017-11-07 10:48:57",1,-1
4882,94,5,0.00,1,"2017-11-07 10:48:57",1,-1
4883,95,5,0.00,1,"2017-11-07 10:48:57",1,-1
4884,96,5,0.00,1,"2017-11-07 10:48:57",1,-1
4885,97,5,0.00,1,"2017-11-07 10:48:57",1,-1
4886,98,5,0.00,1,"2017-11-07 10:48:57",1,-1
4887,99,5,0.00,1,"2017-11-07 10:48:57",1,-1
4888,100,5,0.00,1,"2017-11-07 10:48:57",1,-1
4889,101,5,0.00,1,"2017-11-07 10:48:57",1,-1
4890,102,5,0.00,1,"2017-11-07 10:48:57",1,-1
4891,103,5,0.00,1,"2017-11-07 10:48:57",1,-1
4892,104,5,0.00,1,"2017-11-07 10:48:57",1,-1
4893,105,5,0.00,1,"2017-11-07 10:48:57",1,-1
4894,106,5,0.00,1,"2017-11-07 10:48:57",1,-1
4895,107,5,0.00,1,"2017-11-07 10:48:57",1,-1
4896,108,5,0.00,1,"2017-11-07 10:48:57",1,-1
4897,109,5,0.00,1,"2017-11-07 10:48:57",1,-1
4898,110,5,0.00,1,"2017-11-07 10:48:57",1,-1
4899,111,5,0.00,1,"2017-11-07 10:48:57",1,-1
4900,112,5,0.00,1,"2017-11-07 10:48:57",1,-1
4901,113,5,0.00,1,"2017-11-07 10:48:57",1,-1
4902,114,5,0.00,1,"2017-11-07 10:48:57",1,-1
4903,115,5,0.00,1,"2017-11-07 10:48:57",1,-1
4904,116,5,0.00,1,"2017-11-07 10:48:57",1,-1
4905,117,5,0.00,1,"2017-11-07 10:48:57",1,-1
4906,118,5,0.00,1,"2017-11-07 10:48:57",1,-1
4907,119,5,0.00,1,"2017-11-07 10:48:57",1,-1
4908,120,5,0.00,1,"2017-11-07 10:48:57",1,-1
4909,121,5,0.00,1,"2017-11-07 10:48:57",1,-1
4910,122,5,0.00,1,"2017-11-07 10:48:57",1,-1
4911,123,5,0.00,1,"2017-11-07 10:48:57",1,-1
4912,124,5,0.00,1,"2017-11-07 10:48:57",1,-1
4913,125,5,0.00,1,"2017-11-07 10:48:57",1,-1
4914,126,5,0.00,1,"2017-11-07 10:48:57",1,-1
4915,127,5,0.00,1,"2017-11-07 10:48:57",1,-1
4916,128,5,0.00,1,"2017-11-07 10:48:57",1,-1
4917,129,5,0.00,1,"2017-11-07 10:48:57",1,-1
4918,130,5,0.00,1,"2017-11-07 10:48:57",1,-1
4919,131,5,0.00,1,"2017-11-07 10:48:57",1,-1
4920,132,5,0.00,1,"2017-11-07 10:48:57",1,-1
4921,133,5,0.00,1,"2017-11-07 10:48:57",1,-1
4922,134,5,0.00,1,"2017-11-07 10:48:57",1,-1
4923,135,5,0.00,1,"2017-11-07 10:48:57",1,-1
4924,136,5,0.00,1,"2017-11-07 10:48:57",1,-1
4925,137,5,0.00,1,"2017-11-07 10:48:57",1,-1
4926,138,5,0.00,1,"2017-11-07 10:48:57",1,-1
4927,139,5,0.00,1,"2017-11-07 10:48:57",1,-1
4928,140,5,0.00,1,"2017-11-07 10:48:57",1,-1
4929,141,5,0.00,1,"2017-11-07 10:48:57",1,-1
4930,142,5,0.00,1,"2017-11-07 10:48:57",1,-1
4931,143,5,0.00,1,"2017-11-07 10:48:57",1,-1
4932,144,5,0.00,1,"2017-11-07 10:48:57",1,-1
4933,145,5,0.00,1,"2017-11-07 10:48:57",1,-1
4934,146,5,0.00,1,"2017-11-07 10:48:57",1,-1
4935,147,5,0.00,1,"2017-11-07 10:48:57",1,-1
4936,148,5,0.00,1,"2017-11-07 10:48:57",1,-1
4937,149,5,0.00,1,"2017-11-07 10:48:57",1,-1
4938,150,5,0.00,1,"2017-11-07 10:48:57",1,-1
4939,151,5,0.00,1,"2017-11-07 10:48:57",1,-1
4940,152,5,0.00,1,"2017-11-07 10:48:57",1,-1
4941,153,5,0.00,1,"2017-11-07 10:48:57",1,-1
4942,154,5,0.00,1,"2017-11-07 10:48:57",1,-1
4943,155,5,0.00,1,"2017-11-07 10:48:57",1,-1
4944,156,5,0.00,1,"2017-11-07 10:48:57",1,-1
4945,157,5,0.00,1,"2017-11-07 10:48:57",1,-1
4946,158,5,0.00,1,"2017-11-07 10:48:57",1,-1
4947,159,5,0.00,1,"2017-11-07 10:48:57",1,-1
4948,160,5,0.00,1,"2017-11-07 10:48:57",1,-1
4949,161,5,0.00,1,"2017-11-07 10:48:57",1,-1
4950,162,5,0.00,1,"2017-11-07 10:48:57",1,-1
4951,163,5,0.00,1,"2017-11-07 10:48:57",1,-1
4952,164,5,0.00,1,"2017-11-07 10:48:57",1,-1
4953,165,5,0.00,1,"2017-11-07 10:48:57",1,-1
4954,166,5,0.00,1,"2017-11-07 10:48:57",1,-1
4955,167,5,0.00,1,"2017-11-07 10:48:57",1,-1
4956,168,5,0.00,1,"2017-11-07 10:48:57",1,-1
4957,169,5,0.00,1,"2017-11-07 10:48:57",1,-1
4958,170,5,0.00,1,"2017-11-07 10:48:57",1,-1
4959,171,5,0.00,1,"2017-11-07 10:48:57",1,-1
4960,172,5,0.00,1,"2017-11-07 10:48:57",1,-1
4961,173,5,0.00,1,"2017-11-07 10:48:57",1,-1
4962,174,5,0.00,1,"2017-11-07 10:48:57",1,-1
4963,175,5,0.00,1,"2017-11-07 10:48:57",1,-1
4964,176,5,0.00,1,"2017-11-07 10:48:57",1,-1
4965,177,5,NULL,1,"2017-11-07 10:48:57",1,51
4966,178,5,0.00,1,"2017-11-07 10:48:57",1,-1
4967,179,5,0.00,1,"2017-11-07 10:48:57",1,-1
4968,180,5,0.00,1,"2017-11-07 10:48:57",1,-1
4969,181,5,0.00,1,"2017-11-07 10:48:57",1,-1
4971,183,5,0.00,1,"2017-11-07 10:48:57",1,-1
4972,184,5,0.00,1,"2017-11-07 10:48:57",1,-1
4973,185,5,0.00,1,"2017-11-07 10:48:57",1,-1
4974,186,5,0.00,1,"2017-11-07 10:48:57",1,-1
4975,187,5,0.00,1,"2017-11-07 10:48:57",1,-1
4976,188,5,0.00,1,"2017-11-07 10:48:57",1,-1
4977,189,5,0.00,1,"2017-11-07 10:48:57",1,-1
4978,190,5,0.00,1,"2017-11-07 10:48:57",1,-1
4979,191,5,0.00,1,"2017-11-07 10:48:57",1,-1
4980,192,5,0.00,1,"2017-11-07 10:48:57",1,-1
4981,193,5,0.00,1,"2017-11-07 10:48:57",1,-1
4982,194,5,0.00,1,"2017-11-07 10:48:57",1,-1
4983,195,5,0.00,1,"2017-11-07 10:48:57",1,-1
4984,196,5,0.00,1,"2017-11-07 10:48:57",1,-1
4985,197,5,0.00,1,"2017-11-07 10:48:57",1,-1
4986,198,5,NULL,1,"2017-11-07 10:48:57",1,48
4987,199,5,0.00,1,"2017-11-07 10:48:57",1,-1
4988,200,5,0.00,1,"2017-11-07 10:48:57",1,-1
4989,201,5,0.00,1,"2017-11-07 10:48:57",1,-1
4990,202,5,0.00,1,"2017-11-07 10:48:57",1,-1
4991,203,5,0.00,1,"2017-11-07 10:48:57",1,-1
4992,204,5,0.00,1,"2017-11-07 10:48:57",1,-1
4993,205,5,0.00,1,"2017-11-07 10:48:57",1,-1
4994,206,5,0.00,1,"2017-11-07 10:48:57",1,-1
4995,207,5,0.00,1,"2017-11-07 10:48:57",1,16
4996,208,5,0.00,1,"2017-11-07 10:48:57",1,16
4997,209,5,0.00,1,"2017-11-07 10:48:57",1,51
4998,210,5,0.00,1,"2017-11-07 10:48:57",1,51
4999,211,5,0.00,1,"2017-11-07 10:48:57",1,-1
5000,212,5,0.00,1,"2017-11-07 10:48:57",1,-1
5001,213,5,0.00,1,"2017-11-07 10:48:57",1,-1
5002,214,5,0.00,1,"2017-11-07 10:48:57",1,-1
5003,215,5,0.00,1,"2017-11-07 10:48:57",1,-1
5004,216,5,0.00,1,"2017-11-07 10:48:57",1,-1
5005,217,5,0.00,1,"2017-11-07 10:48:57",1,-1
5006,218,5,0.00,1,"2017-11-07 10:48:57",1,16
5007,219,5,0.00,1,"2017-11-07 10:48:57",1,-1
5008,220,5,0.00,1,"2017-11-07 10:48:57",1,-1
5009,221,5,0.00,1,"2017-11-07 10:48:57",1,-1
5010,225,5,0.00,1,"2017-11-07 10:48:57",1,-1
5011,226,5,0.00,1,"2017-11-07 10:48:57",1,-1
5012,227,5,0.00,1,"2017-11-07 10:48:57",1,-1
5013,228,5,0.00,1,"2017-11-07 10:48:57",1,-1
5014,229,5,0.00,1,"2017-11-07 10:48:57",1,-1
5015,230,5,0.00,1,"2017-11-07 10:48:57",1,-1
5016,231,5,0.00,1,"2017-11-07 10:48:57",1,-1
5017,232,5,0.00,1,"2017-11-07 10:48:57",1,-1
5018,233,5,0.00,1,"2017-11-07 10:48:57",1,-1
5019,234,5,0.00,1,"2017-11-07 10:48:57",1,-1
5020,235,5,0.00,1,"2017-11-07 10:48:57",1,-1
5021,236,5,0.00,1,"2017-11-07 10:48:57",1,-1
5022,237,5,0.00,1,"2017-11-07 10:48:57",1,-1
5023,238,5,0.00,1,"2017-11-07 10:48:57",1,-1
5024,239,5,0.00,1,"2017-11-07 10:48:57",1,-1
5025,240,5,0.00,1,"2017-11-07 10:48:57",1,-1
5026,241,5,0.00,1,"2017-11-07 10:48:57",1,-1
5027,242,5,0.00,1,"2017-11-07 10:48:57",1,-1
5028,243,5,0.00,1,"2017-11-07 10:48:57",1,-1
5029,244,5,0.00,1,"2017-11-07 10:48:57",1,-1
5030,245,5,0.00,1,"2017-11-07 10:48:57",1,-1
5031,246,5,0.00,1,"2017-11-07 10:48:57",1,-1
5032,247,5,0.00,1,"2017-11-07 10:48:57",1,-1
5033,248,5,0.00,1,"2017-11-07 10:48:57",1,-1
5034,249,5,0.00,1,"2017-11-07 10:48:57",1,-1
5035,250,5,0.00,1,"2017-11-07 10:48:57",1,-1
5036,251,5,0.00,1,"2017-11-07 10:48:57",1,51
5037,252,5,0.00,1,"2017-11-07 10:48:57",1,-1
5038,253,5,0.00,1,"2017-11-07 10:48:57",1,26
5039,254,5,0.00,1,"2017-11-07 10:48:57",1,26
5040,255,5,0.00,1,"2017-11-07 10:48:57",1,-1
5041,256,5,0.00,1,"2017-11-07 10:48:57",1,-1
5042,257,5,0.00,1,"2017-11-07 10:48:57",1,-1
5043,258,5,0.00,1,"2017-11-07 10:48:57",1,51
5044,259,5,0.00,1,"2017-11-07 10:48:57",1,-1
5045,260,5,0.00,1,"2017-11-07 10:48:57",1,-1
5046,261,5,0.00,1,"2017-11-07 10:48:57",1,-1
5047,262,5,0.00,1,"2017-11-07 10:48:57",1,-1
5048,263,5,0.00,1,"2017-11-07 10:48:57",1,-1
5049,264,5,0.00,1,"2017-11-07 10:48:57",1,-1
5050,265,5,0.00,1,"2017-11-07 10:48:57",1,-1
5051,266,5,0.00,1,"2017-11-07 10:48:57",1,-1
5052,267,5,0.00,1,"2017-11-07 10:48:57",1,-1
5053,268,5,0.00,1,"2017-11-07 10:48:57",1,-1
5054,269,5,0.00,1,"2017-11-07 10:48:57",1,-1
5055,270,5,0.00,1,"2017-11-07 10:48:57",1,-1
5056,271,5,0.00,1,"2017-11-07 10:48:57",1,-1
5057,272,5,30.00,1,"2017-11-07 10:48:57",1,-1
5058,273,5,15.00,1,"2017-11-07 10:48:57",1,-1
5059,274,5,15.00,1,"2017-11-07 10:48:57",1,-1
5060,275,5,0.00,1,"2017-11-07 10:48:57",1,-1
5061,276,5,0.00,1,"2017-11-07 10:48:57",1,-1
5062,277,5,0.00,1,"2017-11-07 10:48:57",1,-1
5063,278,5,0.00,1,"2017-11-07 10:48:57",1,-1
5064,279,5,0.00,1,"2017-11-07 10:48:57",1,-1
5065,280,5,0.00,1,"2017-11-07 10:48:57",1,-1
5066,281,5,0.00,1,"2017-11-07 10:48:57",1,-1
5067,282,5,2.00,1,"2017-11-07 10:48:57",1,-1
5068,283,5,0.00,1,"2017-11-07 10:48:57",1,-1
5069,284,5,0.00,1,"2017-11-07 10:48:57",1,-1
5070,285,5,0.00,1,"2017-11-07 10:48:57",1,-1
5071,286,5,0.00,1,"2017-11-07 10:48:57",1,-1
5072,287,5,30.00,1,"2017-11-07 10:48:57",1,-1
5073,288,5,30.00,1,"2017-11-07 10:48:57",1,-1
5074,289,5,15.00,1,"2017-11-07 10:48:57",1,-1
5075,290,5,0.00,1,"2017-11-07 10:48:57",1,-1
5076,291,5,0.00,1,"2017-11-07 10:48:57",1,-1
5077,292,5,0.00,1,"2017-11-07 10:48:57",1,-1
5078,293,5,0.00,1,"2017-11-07 10:48:57",1,67
5079,294,5,0.00,1,"2017-11-07 10:48:57",1,67
5080,295,5,0.00,1,"2017-11-07 10:48:57",1,16
5081,296,5,0.00,1,"2017-11-07 10:48:57",1,16
5082,297,5,0.00,1,"2017-11-07 10:48:57",1,-1
5083,298,5,0.00,1,"2017-11-07 10:48:57",1,-1
5084,299,5,0.00,1,"2017-12-13 19:15:05",0,-1
5085,299,3,0.00,1,"2017-12-13 19:15:05",0,-1
5086,299,2,0.00,1,"2017-12-13 19:15:05",0,-1
5087,299,4,0.00,1,"2017-12-13 19:15:05",0,-1
5088,300,5,0.00,1,"2018-01-05 11:07:15",0,-1
5089,300,3,0.00,1,"2018-01-05 11:07:15",0,-1
5090,300,2,0.00,1,"2018-01-05 11:07:15",0,-1
5091,300,4,0.00,1,"2018-01-05 11:07:15",0,-1
5092,301,5,0.00,1,"2018-01-08 19:21:26",0,-1
5093,301,3,0.00,1,"2018-01-08 19:21:26",0,-1
5094,301,2,0.00,1,"2018-01-08 19:21:26",0,-1
5095,301,4,0.00,1,"2018-01-08 19:21:26",0,-1
5096,302,5,0.00,1,"2018-01-10 12:50:51",0,-1
5097,302,3,0.00,1,"2018-01-10 12:50:51",0,-1
5098,302,2,0.00,1,"2018-01-10 12:50:51",0,-1
5099,302,4,0.00,1,"2018-01-10 12:50:51",0,-1
5100,303,5,0.00,1,"2018-01-10 12:52:32",0,-1
5101,303,3,0.00,1,"2018-01-10 12:52:32",0,-1
5102,303,2,0.00,1,"2018-01-10 12:52:32",0,-1
5103,303,4,0.00,1,"2018-01-10 12:52:32",0,-1
5104,304,5,0.00,1,"2018-01-10 12:53:37",0,-1
5105,304,3,0.00,1,"2018-01-10 12:53:37",0,-1
5106,304,2,0.00,1,"2018-01-10 12:53:37",0,-1
5107,304,4,0.00,1,"2018-01-10 12:53:37",0,-1
5108,305,5,0.00,1,"2018-01-10 12:55:04",0,-1
5109,305,3,0.00,1,"2018-01-10 12:55:04",0,-1
5110,305,2,0.00,1,"2018-01-10 12:55:04",0,-1
5111,305,4,0.00,1,"2018-01-10 12:55:04",0,-1
5112,306,5,0.00,1,"2018-01-10 12:56:54",0,-1
5113,306,3,0.00,1,"2018-01-10 12:56:54",0,-1
5114,306,2,0.00,1,"2018-01-10 12:56:54",0,-1
5115,306,4,0.00,1,"2018-01-10 12:56:54",0,-1
5116,307,5,0.00,1,"2018-01-10 12:59:04",0,-1
5117,307,3,0.00,1,"2018-01-10 12:59:04",0,-1
5118,307,2,0.00,1,"2018-01-10 12:59:04",0,-1
5119,307,4,0.00,1,"2018-01-10 12:59:04",0,-1
5120,308,5,0.00,1,"2018-01-24 17:58:26",0,54
5121,308,3,0.00,1,"2018-01-24 17:58:27",0,54
5122,308,2,0.00,1,"2018-01-24 17:58:27",0,54
5123,308,4,0.00,1,"2018-01-24 17:58:27",0,54
5124,310,5,0.00,1,"2018-01-24 18:48:26",0,-1
5125,310,3,0.00,1,"2018-01-24 18:48:26",0,-1
5126,310,2,0.00,1,"2018-01-24 18:48:26",0,-1
5127,310,4,0.00,1,"2018-01-24 18:48:26",0,-1
5128,311,5,0.00,1,"2018-01-30 09:46:10",0,-1
5129,311,3,0.00,1,"2018-01-30 09:46:10",0,-1
5130,311,2,0.00,1,"2018-01-30 09:46:10",0,-1
5131,311,4,0.00,1,"2018-01-30 09:46:10",0,-1
5132,318,5,20.00,1,"2018-02-01 11:32:05",0,-1
5133,318,3,20.00,1,"2018-02-01 11:32:05",0,-1
5134,318,2,20.00,1,"2018-02-01 11:32:05",0,-1
5135,318,4,20.00,1,"2018-02-01 11:32:05",0,-1
5136,319,5,0.00,1,"2018-02-01 11:40:03",0,-1
5137,319,3,0.00,1,"2018-02-01 11:40:03",0,-1
5138,319,2,0.00,1,"2018-02-01 11:40:03",0,-1
5139,319,4,0.00,1,"2018-02-01 11:40:03",0,-1
5140,320,5,0.00,1,"2018-02-01 12:15:06",0,26
5141,320,3,0.00,1,"2018-02-01 12:15:06",0,26
5142,320,2,0.00,1,"2018-02-01 12:15:06",0,26
5143,320,4,0.00,1,"2018-02-01 12:15:06",0,26
5144,321,5,0.00,1,"2018-02-01 12:17:02",0,29
5145,321,3,0.00,1,"2018-02-01 12:17:02",0,29
5146,321,2,0.00,1,"2018-02-01 12:17:02",0,29
5147,321,4,0.00,1,"2018-02-01 12:17:02",0,29
5148,322,5,0.00,1,"2018-02-01 12:42:37",0,30
5149,322,3,0.00,1,"2018-02-01 12:42:37",0,30
5150,322,2,0.00,1,"2018-02-01 12:42:37",0,30
5151,322,4,0.00,1,"2018-02-01 12:42:37",0,30
5152,323,5,0.00,1,"2018-02-01 12:54:48",0,57
5153,323,3,0.00,1,"2018-02-01 12:54:48",0,57
5154,323,2,0.00,1,"2018-02-01 12:54:48",0,57
5155,323,4,0.00,1,"2018-02-01 12:54:48",0,57
5156,324,5,0.00,1,"2018-02-01 12:59:34",0,29
5157,324,3,0.00,1,"2018-02-01 12:59:34",0,29
5158,324,2,0.00,1,"2018-02-01 12:59:34",0,29
5159,324,4,0.00,1,"2018-02-01 12:59:34",0,29
5160,326,5,0.00,1,"2018-02-02 10:48:46",0,-1
5161,326,3,0.00,1,"2018-02-02 10:48:46",0,-1
5162,326,2,0.00,1,"2018-02-02 10:48:46",0,-1
5163,326,4,0.00,1,"2018-02-02 10:48:46",0,-1
5164,329,5,0.00,1,"2018-02-02 11:42:20",0,-1
5165,329,3,0.00,1,"2018-02-02 11:42:20",0,-1
5166,329,2,0.00,1,"2018-02-02 11:42:20",0,-1
5167,329,4,0.00,1,"2018-02-02 11:42:20",0,-1
5168,330,5,0.00,1,"2018-02-02 11:49:24",0,-1
5169,330,3,0.00,1,"2018-02-02 11:49:24",0,-1
5170,330,2,0.00,1,"2018-02-02 11:49:24",0,-1
5171,330,4,0.00,1,"2018-02-02 11:49:24",0,-1
5172,333,5,0.00,1,"2018-02-02 12:26:57",0,-1
5173,333,3,0.00,1,"2018-02-02 12:26:57",0,-1
5174,333,2,0.00,1,"2018-02-02 12:26:57",0,-1
5175,333,4,0.00,1,"2018-02-02 12:26:57",0,-1
5176,334,5,0.00,1,"2018-02-02 12:40:12",0,-1
5177,334,3,0.00,1,"2018-02-02 12:40:12",0,-1
5178,334,2,0.00,1,"2018-02-02 12:40:12",0,-1
5179,334,4,0.00,1,"2018-02-02 12:40:12",0,-1
5180,335,5,0.00,1,"2018-02-02 22:51:48",0,-1
5181,335,3,0.00,1,"2018-02-02 22:51:48",0,-1
5182,335,2,0.00,1,"2018-02-02 22:51:48",0,-1
5183,335,4,0.00,1,"2018-02-02 22:51:48",0,-1
5184,336,5,0.00,1,"2018-02-03 10:31:29",0,-1
5185,336,3,0.00,1,"2018-02-03 10:31:29",0,-1
5186,336,2,0.00,1,"2018-02-03 10:31:29",0,-1
5187,336,4,0.00,1,"2018-02-03 10:31:29",0,-1
5188,337,5,0.00,1,"2018-02-03 10:32:38",0,-1
5189,337,3,0.00,1,"2018-02-03 10:32:38",0,-1
5190,337,2,0.00,1,"2018-02-03 10:32:38",0,-1
5191,337,4,0.00,1,"2018-02-03 10:32:38",0,-1
5192,338,5,0.00,1,"2018-02-04 20:16:17",0,-1
5193,338,3,0.00,1,"2018-02-04 20:16:17",0,-1
5194,338,2,0.00,1,"2018-02-04 20:16:17",0,-1
5195,338,4,0.00,1,"2018-02-04 20:16:17",0,-1
5196,339,5,0.00,1,"2018-02-04 20:17:42",0,-1
5197,339,3,0.00,1,"2018-02-04 20:17:42",0,-1
5198,339,2,0.00,1,"2018-02-04 20:17:42",0,-1
5199,339,4,0.00,1,"2018-02-04 20:17:42",0,-1
5200,340,5,0.00,1,"2018-02-04 20:19:15",0,-1
5201,340,3,0.00,1,"2018-02-04 20:19:15",0,-1
5202,340,2,0.00,1,"2018-02-04 20:19:15",0,-1
5203,340,4,0.00,1,"2018-02-04 20:19:15",0,-1
5204,341,5,0.00,1,"2018-02-04 20:45:00",0,-1
5205,341,3,0.00,1,"2018-02-04 20:45:00",0,-1
5206,341,2,0.00,1,"2018-02-04 20:45:00",0,-1
5207,341,4,0.00,1,"2018-02-04 20:45:00",0,-1
5208,342,5,0.00,1,"2018-02-04 21:06:37",0,-1
5209,342,3,0.00,1,"2018-02-04 21:06:37",0,-1
5210,342,2,0.00,1,"2018-02-04 21:06:37",0,-1
5211,342,4,0.00,1,"2018-02-04 21:06:37",0,-1
5212,343,5,0.00,1,"2018-02-04 21:10:38",0,26
5213,343,3,0.00,1,"2018-02-04 21:10:38",0,26
5214,343,2,0.00,1,"2018-02-04 21:10:38",0,26
5215,343,4,0.00,1,"2018-02-04 21:10:38",0,26
5216,344,5,0.00,1,"2018-02-04 21:14:25",0,-1
5217,344,3,0.00,1,"2018-02-04 21:14:25",0,-1
5218,344,2,0.00,1,"2018-02-04 21:14:25",0,-1
5219,344,4,0.00,1,"2018-02-04 21:14:25",0,-1
5220,345,5,0.00,1,"2018-02-04 22:37:59",0,26
5221,345,3,0.00,1,"2018-02-04 22:37:59",0,26
5222,345,2,0.00,1,"2018-02-04 22:37:59",0,26
5223,345,4,0.00,1,"2018-02-04 22:37:59",0,26
5224,346,5,0.00,1,"2018-02-04 22:45:03",0,-1
5225,346,3,0.00,1,"2018-02-04 22:45:03",0,-1
5226,346,2,0.00,1,"2018-02-04 22:45:03",0,-1
5227,346,4,0.00,1,"2018-02-04 22:45:03",0,-1
5228,347,5,0.00,1,"2018-02-04 23:03:55",0,-1
5229,347,3,0.00,1,"2018-02-04 23:03:55",0,-1
5230,347,2,0.00,1,"2018-02-04 23:03:55",0,-1
5231,347,4,0.00,1,"2018-02-04 23:03:55",0,-1
5232,349,5,0.00,1,"2018-02-04 23:07:30",0,-1
5233,349,3,0.00,1,"2018-02-04 23:07:30",0,-1
5234,349,2,0.00,1,"2018-02-04 23:07:30",0,-1
5235,349,4,0.00,1,"2018-02-04 23:07:30",0,-1
5236,350,5,0.00,1,"2018-02-04 23:13:39",0,26
5237,350,3,0.00,1,"2018-02-04 23:13:39",0,26
5238,350,2,0.00,1,"2018-02-04 23:13:39",0,26
5239,350,4,0.00,1,"2018-02-04 23:13:39",0,26
5240,351,5,0.00,1,"2018-02-04 23:14:14",0,26
5241,351,3,0.00,1,"2018-02-04 23:14:14",0,26
5242,351,2,0.00,1,"2018-02-04 23:14:14",0,26
5243,351,4,0.00,1,"2018-02-04 23:14:14",0,26
5244,352,5,0.00,1,"2018-02-04 23:21:54",0,63
5245,352,3,0.00,1,"2018-02-04 23:21:54",0,63
5246,352,2,0.00,1,"2018-02-04 23:21:54",0,63
5247,352,4,0.00,1,"2018-02-04 23:21:54",0,63
5248,353,5,0.00,1,"2018-02-04 23:26:15",0,26
5249,353,3,0.00,1,"2018-02-04 23:26:15",0,26
5250,353,2,0.00,1,"2018-02-04 23:26:15",0,26
5251,353,4,0.00,1,"2018-02-04 23:26:15",0,26
5252,354,5,0.00,1,"2018-02-04 23:29:02",0,26
5253,354,3,0.00,1,"2018-02-04 23:29:02",0,26
5254,354,2,0.00,1,"2018-02-04 23:29:02",0,26
5255,354,4,0.00,1,"2018-02-04 23:29:02",0,26
5256,356,5,0.00,1,"2018-02-04 23:31:20",0,26
5257,356,3,0.00,1,"2018-02-04 23:31:20",0,26
5258,356,2,0.00,1,"2018-02-04 23:31:20",0,26
5259,356,4,0.00,1,"2018-02-04 23:31:20",0,26
5260,357,5,0.00,1,"2018-02-04 23:32:59",0,26
5261,357,3,0.00,1,"2018-02-04 23:32:59",0,26
5262,357,2,0.00,1,"2018-02-04 23:32:59",0,26
5263,357,4,0.00,1,"2018-02-04 23:32:59",0,26
5264,359,5,0.00,1,"2018-02-04 23:34:38",0,26
5265,359,3,0.00,1,"2018-02-04 23:34:38",0,26
5266,359,2,0.00,1,"2018-02-04 23:34:38",0,26
5267,359,4,0.00,1,"2018-02-04 23:34:38",0,26
5268,360,5,0.00,1,"2018-02-04 23:46:59",0,26
5269,360,3,0.00,1,"2018-02-04 23:46:59",0,26
5270,360,2,0.00,1,"2018-02-04 23:46:59",0,26
5271,360,4,0.00,1,"2018-02-04 23:46:59",0,26
5272,361,5,0.00,1,"2018-02-04 23:50:23",0,26
5273,361,3,0.00,1,"2018-02-04 23:50:23",0,26
5274,361,2,0.00,1,"2018-02-04 23:50:23",0,26
5275,361,4,0.00,1,"2018-02-04 23:50:23",0,26
5276,362,5,0.00,1,"2018-02-04 23:53:37",0,26
5277,362,3,0.00,1,"2018-02-04 23:53:37",0,26
5278,362,2,0.00,1,"2018-02-04 23:53:37",0,26
5279,362,4,0.00,1,"2018-02-04 23:53:37",0,26
5280,363,5,0.00,1,"2018-02-06 19:10:00",0,26
5281,363,3,0.00,1,"2018-02-06 19:10:00",0,26
5282,363,2,0.00,1,"2018-02-06 19:10:00",0,26
5283,363,4,0.00,1,"2018-02-06 19:10:00",0,26
5284,364,5,0.00,1,"2018-02-06 19:11:55",0,26
5285,364,3,0.00,1,"2018-02-06 19:11:55",0,26
5286,364,2,0.00,1,"2018-02-06 19:11:55",0,26
5287,364,4,0.00,1,"2018-02-06 19:11:55",0,26
5288,365,5,0.00,1,"2018-02-06 19:14:03",0,26
5289,365,3,0.00,1,"2018-02-06 19:14:03",0,26
5290,365,2,0.00,1,"2018-02-06 19:14:03",0,26
5291,365,4,0.00,1,"2018-02-06 19:14:03",0,26
5292,366,5,0.00,1,"2018-02-06 19:33:16",0,26
5293,366,3,0.00,1,"2018-02-06 19:33:16",0,26
5294,366,2,0.00,1,"2018-02-06 19:33:16",0,26
5295,366,4,0.00,1,"2018-02-06 19:33:16",0,26
5296,369,5,0.00,1,"2018-02-06 19:38:45",0,26
5297,369,3,0.00,1,"2018-02-06 19:38:45",0,26
5298,369,2,0.00,1,"2018-02-06 19:38:45",0,26
5299,369,4,0.00,1,"2018-02-06 19:38:45",0,26
5300,370,5,0.00,1,"2018-02-06 19:41:04",0,26
5301,370,3,0.00,1,"2018-02-06 19:41:04",0,26
5302,370,2,0.00,1,"2018-02-06 19:41:04",0,26
5303,370,4,0.00,1,"2018-02-06 19:41:04",0,26
5304,371,5,0.00,1,"2018-02-06 19:43:02",0,26
5305,371,3,0.00,1,"2018-02-06 19:43:02",0,26
5306,371,2,0.00,1,"2018-02-06 19:43:02",0,26
5307,371,4,0.00,1,"2018-02-06 19:43:02",0,26
5308,372,5,0.00,1,"2018-02-06 19:45:08",0,26
5309,372,3,0.00,1,"2018-02-06 19:45:08",0,26
5310,372,2,0.00,1,"2018-02-06 19:45:08",0,26
5311,372,4,0.00,1,"2018-02-06 19:45:08",0,26
5312,373,5,0.00,1,"2018-02-06 19:46:46",0,26
5313,373,3,0.00,1,"2018-02-06 19:46:46",0,26
5314,373,2,0.00,1,"2018-02-06 19:46:46",0,26
5315,373,4,0.00,1,"2018-02-06 19:46:46",0,26
5316,374,5,0.00,1,"2018-02-08 11:48:49",0,-1
5317,374,3,0.00,1,"2018-02-08 11:48:49",0,-1
5318,374,2,0.00,1,"2018-02-08 11:48:49",0,-1
5319,374,4,0.00,1,"2018-02-08 11:48:49",0,-1
5320,375,5,0.00,1,"2018-02-08 11:55:19",0,-1
5321,375,3,0.00,1,"2018-02-08 11:55:19",0,-1
5322,375,2,0.00,1,"2018-02-08 11:55:19",0,-1
5323,375,4,0.00,1,"2018-02-08 11:55:19",0,-1
5324,376,5,0.00,1,"2018-02-08 12:41:53",0,-1
5325,376,3,0.00,1,"2018-02-08 12:41:53",0,-1
5326,376,2,0.00,1,"2018-02-08 12:41:53",0,-1
5327,376,4,0.00,1,"2018-02-08 12:41:53",0,-1
5328,377,5,0.00,1,"2018-02-08 12:43:42",0,-1
5329,377,3,0.00,1,"2018-02-08 12:43:42",0,-1
5330,377,2,0.00,1,"2018-02-08 12:43:42",0,-1
5331,377,4,0.00,1,"2018-02-08 12:43:42",0,-1
5332,378,5,0.00,1,"2018-02-08 12:51:43",0,-1
5333,378,3,0.00,1,"2018-02-08 12:51:43",0,-1
5334,378,2,0.00,1,"2018-02-08 12:51:43",0,-1
5335,378,4,0.00,1,"2018-02-08 12:51:43",0,-1
5336,379,5,0.00,1,"2018-02-08 13:21:50",0,-1
5337,379,3,0.00,1,"2018-02-08 13:21:50",0,-1
5338,379,2,0.00,1,"2018-02-08 13:21:50",0,-1
5339,379,4,0.00,1,"2018-02-08 13:21:50",0,-1
5340,380,5,0.00,1,"2018-02-08 13:22:27",0,-1
5341,380,3,0.00,1,"2018-02-08 13:22:27",0,-1
5342,380,2,0.00,1,"2018-02-08 13:22:27",0,-1
5343,380,4,0.00,1,"2018-02-08 13:22:27",0,-1
5344,381,5,0.00,1,"2018-02-08 13:23:04",0,-1
5345,381,3,0.00,1,"2018-02-08 13:23:04",0,-1
5346,381,2,0.00,1,"2018-02-08 13:23:04",0,-1
5347,381,4,0.00,1,"2018-02-08 13:23:04",0,-1
5348,382,5,0.00,1,"2018-02-08 13:23:33",0,-1
5349,382,3,0.00,1,"2018-02-08 13:23:33",0,-1
5350,382,2,0.00,1,"2018-02-08 13:23:33",0,-1
5351,382,4,0.00,1,"2018-02-08 13:23:33",0,-1
5352,383,5,0.00,1,"2018-02-08 13:24:05",0,-1
5353,383,3,0.00,1,"2018-02-08 13:24:05",0,-1
5354,383,2,0.00,1,"2018-02-08 13:24:05",0,-1
5355,383,4,0.00,1,"2018-02-08 13:24:05",0,-1
5356,384,5,0.00,1,"2018-02-08 13:24:45",0,-1
5357,384,3,0.00,1,"2018-02-08 13:24:45",0,-1
5358,384,2,0.00,1,"2018-02-08 13:24:45",0,-1
5359,384,4,0.00,1,"2018-02-08 13:24:45",0,-1
5360,385,5,0.00,1,"2018-02-08 13:30:16",0,-1
5361,385,3,0.00,1,"2018-02-08 13:30:16",0,-1
5362,385,2,0.00,1,"2018-02-08 13:30:16",0,-1
5363,385,4,0.00,1,"2018-02-08 13:30:16",0,-1
5364,386,5,0.00,1,"2018-02-08 15:17:14",0,-1
5365,386,3,0.00,1,"2018-02-08 15:17:14",0,-1
5366,386,2,0.00,1,"2018-02-08 15:17:14",0,-1
5367,386,4,0.00,1,"2018-02-08 15:17:14",0,-1
5368,387,5,0.00,1,"2018-02-08 23:39:48",0,-1
5369,387,3,0.00,1,"2018-02-08 23:39:48",0,-1
5370,387,2,0.00,1,"2018-02-08 23:39:48",0,-1
5371,387,4,0.00,1,"2018-02-08 23:39:48",0,-1
5372,388,5,0.00,1,"2018-02-25 21:19:10",0,26
5373,388,3,0.00,1,"2018-02-25 21:19:10",0,26
5374,388,2,0.00,1,"2018-02-25 21:19:10",0,26
5375,388,4,0.00,1,"2018-02-25 21:19:10",0,26
5376,389,5,0.00,1,"2018-02-25 21:19:44",0,26
5377,389,3,0.00,1,"2018-02-25 21:19:44",0,26
5378,389,2,0.00,1,"2018-02-25 21:19:44",0,26
5379,389,4,0.00,1,"2018-02-25 21:19:44",0,26
5380,390,5,0.00,1,"2018-03-07 16:43:47",0,-1
5381,390,3,0.00,1,"2018-03-07 16:43:47",0,-1
5382,390,2,0.00,1,"2018-03-07 16:43:47",0,-1
5383,390,4,0.00,1,"2018-03-07 16:43:47",0,-1
5384,391,5,0.00,1,"2018-03-12 08:19:12",0,-1
5385,391,3,0.00,1,"2018-03-12 08:19:12",0,-1
5386,391,2,0.00,1,"2018-03-12 08:19:12",0,-1
5387,391,4,0.00,1,"2018-03-12 08:19:12",0,-1
5388,392,5,0.00,1,"2018-03-12 08:20:13",0,-1
5389,392,3,0.00,1,"2018-03-12 08:20:13",0,-1
5390,392,2,0.00,1,"2018-03-12 08:20:13",0,-1
5391,392,4,0.00,1,"2018-03-12 08:20:13",0,-1
5392,393,5,0.00,1,"2018-03-20 00:18:12",0,51
5393,393,3,0.00,1,"2018-03-20 00:18:12",0,51
5394,393,2,0.00,1,"2018-03-20 00:18:12",0,51
5395,393,4,0.00,1,"2018-03-20 00:18:12",0,51
5396,394,5,0.00,1,"2018-03-20 00:21:53",0,-1
5397,394,3,0.00,1,"2018-03-20 00:21:53",0,-1
5399,394,4,0.00,1,"2018-03-20 00:21:53",0,-1
5400,395,5,0.00,1,"2018-03-20 00:24:14",0,51
5401,395,3,0.00,1,"2018-03-20 00:24:14",0,51
5402,395,2,0.00,1,"2018-03-20 00:24:14",0,51
5403,395,4,0.00,1,"2018-03-20 00:24:14",0,51
5404,396,5,0.00,1,"2018-03-20 00:26:46",0,-1
5405,396,3,0.00,1,"2018-03-20 00:26:46",0,-1
5407,396,4,0.00,1,"2018-03-20 00:26:46",0,-1
5408,397,5,0.00,1,"2018-03-20 13:02:36",0,27
5409,397,3,0.00,1,"2018-03-20 13:02:36",0,27
5410,397,2,0.00,1,"2018-03-20 13:02:36",0,27
5411,397,4,0.00,1,"2018-03-20 13:02:36",0,27
5412,398,5,0.00,1,"2018-03-20 13:35:14",0,26
5413,398,3,0.00,1,"2018-03-20 13:35:14",0,26
5414,398,2,0.00,1,"2018-03-20 13:35:14",0,26
5415,398,4,0.00,1,"2018-03-20 13:35:14",0,26
5416,400,5,0.00,1,"2018-03-22 10:21:18",0,-1
5417,400,3,0.00,1,"2018-03-22 10:21:18",0,-1
5418,400,2,0.00,1,"2018-03-22 10:21:18",0,-1
5419,400,4,0.00,1,"2018-03-22 10:21:18",0,-1
5420,401,5,0.00,1,"2018-03-22 10:30:18",0,-1
5421,401,3,0.00,1,"2018-03-22 10:30:18",0,-1
5422,401,2,0.00,1,"2018-03-22 10:30:18",0,-1
5423,401,4,0.00,1,"2018-03-22 10:30:18",0,-1
5424,402,5,0.00,1,"2018-03-22 10:32:08",0,-1
5425,402,3,0.00,1,"2018-03-22 10:32:08",0,-1
5426,402,2,0.00,1,"2018-03-22 10:32:08",0,-1
5427,402,4,0.00,1,"2018-03-22 10:32:08",0,-1
5428,403,5,0.00,1,"2018-03-22 11:39:16",0,-1
5429,403,3,0.00,1,"2018-03-22 11:39:16",0,-1
5430,403,2,0.00,1,"2018-03-22 11:39:16",0,-1
5431,403,4,0.00,1,"2018-03-22 11:39:16",0,-1
5432,404,5,0.00,1,"2018-03-22 12:43:40",0,-1
5433,404,3,0.00,1,"2018-03-22 12:43:40",0,-1
5434,404,2,0.00,1,"2018-03-22 12:43:40",0,-1
5435,404,4,0.00,1,"2018-03-22 12:43:40",0,-1
5436,405,5,0.00,1,"2018-03-22 12:44:32",0,-1
5437,405,3,0.00,1,"2018-03-22 12:44:32",0,-1
5438,405,2,0.00,1,"2018-03-22 12:44:32",0,-1
5439,405,4,0.00,1,"2018-03-22 12:44:32",0,-1
5440,406,5,0.00,1,"2018-03-28 12:28:04",0,-1
5443,406,4,0.00,1,"2018-03-28 12:28:04",0,-1
5444,407,5,0.00,1,"2018-03-28 12:29:23",0,-1
5447,407,4,0.00,1,"2018-03-28 12:29:23",0,-1
5448,408,5,0.00,1,"2018-03-28 12:32:15",0,-1
5451,408,4,0.00,1,"2018-03-28 12:32:15",0,-1
5452,409,5,0.00,1,"2018-03-28 12:35:44",0,-1
5453,409,3,0.00,1,"2018-03-28 12:35:44",0,-1
5454,409,2,0.00,1,"2018-03-28 12:35:44",0,-1
5455,409,4,0.00,1,"2018-03-28 12:35:44",0,-1
5456,411,5,0.00,1,"2018-03-28 12:36:43",0,-1
5457,411,3,0.00,1,"2018-03-28 12:36:43",0,-1
5458,411,2,0.00,1,"2018-03-28 12:36:43",0,-1
5459,411,4,0.00,1,"2018-03-28 12:36:43",0,-1
5460,412,5,0.00,1,"2018-04-02 11:27:37",0,-1
5461,412,3,0.00,1,"2018-04-02 11:27:37",0,-1
5462,412,2,0.00,1,"2018-04-02 11:27:37",0,-1
5463,412,4,0.00,1,"2018-04-02 11:27:37",0,-1
5464,413,5,0.00,1,"2018-04-02 13:34:17",0,-1
5465,413,3,0.00,1,"2018-04-02 13:34:17",0,-1
5466,413,2,0.00,1,"2018-04-02 13:34:17",0,-1
5467,413,4,0.00,1,"2018-04-02 13:34:17",0,-1
5468,414,5,0.00,1,"2018-04-03 10:42:51",0,-1
5469,414,3,0.00,1,"2018-04-03 10:42:51",0,-1
5470,414,2,0.00,1,"2018-04-03 10:42:51",0,-1
5471,414,4,0.00,1,"2018-04-03 10:42:51",0,-1
5472,415,5,0.00,1,"2018-04-12 13:21:27",0,26
5473,415,3,0.00,1,"2018-04-12 13:21:27",0,26
5474,415,2,0.00,1,"2018-04-12 13:21:27",0,26
5475,415,4,0.00,1,"2018-04-12 13:21:27",0,26
5476,416,5,0.00,1,"2018-04-12 13:22:12",0,26
5477,416,3,0.00,1,"2018-04-12 13:22:12",0,26
5478,416,2,0.00,1,"2018-04-12 13:22:12",0,26
5479,416,4,0.00,1,"2018-04-12 13:22:12",0,26
5480,417,5,0.00,1,"2018-04-12 13:23:26",0,29
5481,417,3,0.00,1,"2018-04-12 13:23:26",0,29
5482,417,2,0.00,1,"2018-04-12 13:23:26",0,29
5483,417,4,0.00,1,"2018-04-12 13:23:26",0,29
5484,418,5,0.00,1,"2018-04-12 13:24:38",0,26
5485,418,3,0.00,1,"2018-04-12 13:24:38",0,26
5486,418,2,0.00,1,"2018-04-12 13:24:38",0,26
5487,418,4,0.00,1,"2018-04-12 13:24:38",0,26
5488,419,5,0.00,1,"2018-04-12 13:25:45",0,26
5489,419,3,0.00,1,"2018-04-12 13:25:45",0,26
5490,419,2,0.00,1,"2018-04-12 13:25:45",0,26
5491,419,4,0.00,1,"2018-04-12 13:25:45",0,26
5492,420,5,0.00,1,"2018-04-12 13:26:23",0,26
5493,420,3,0.00,1,"2018-04-12 13:26:23",0,26
5494,420,2,0.00,1,"2018-04-12 13:26:23",0,26
5495,420,4,0.00,1,"2018-04-12 13:26:23",0,26
5496,421,5,0.00,1,"2018-04-12 13:27:59",0,26
5497,421,3,0.00,1,"2018-04-12 13:27:59",0,26
5498,421,2,0.00,1,"2018-04-12 13:27:59",0,26
5499,421,4,0.00,1,"2018-04-12 13:27:59",0,26
5500,422,5,0.00,1,"2018-04-28 10:40:10",0,-1
5501,422,3,0.00,1,"2018-04-28 10:40:10",0,-1
5502,422,2,0.00,1,"2018-04-28 10:40:10",0,-1
5503,422,4,0.00,1,"2018-04-28 10:40:10",0,-1
5504,424,5,0.00,1,"2018-05-05 12:22:52",0,-1
5505,424,3,0.00,1,"2018-05-05 12:22:52",0,-1
5506,424,2,0.00,1,"2018-05-05 12:22:52",0,-1
5507,424,4,0.00,1,"2018-05-05 12:22:52",0,-1
5508,425,5,0.00,1,"2018-05-05 12:25:13",0,-1
5509,425,3,0.00,1,"2018-05-05 12:25:13",0,-1
5510,425,2,0.00,1,"2018-05-05 12:25:13",0,-1
5511,425,4,0.00,1,"2018-05-05 12:25:13",0,-1
5512,426,5,0.00,1,"2018-05-05 12:26:04",0,-1
5513,426,3,0.00,1,"2018-05-05 12:26:04",0,-1
5514,426,2,0.00,1,"2018-05-05 12:26:04",0,-1
5515,426,4,0.00,1,"2018-05-05 12:26:04",0,-1
5516,427,5,0.00,1,"2018-05-05 12:27:04",0,-1
5517,427,3,0.00,1,"2018-05-05 12:27:04",0,-1
5518,427,2,0.00,1,"2018-05-05 12:27:04",0,-1
5519,427,4,0.00,1,"2018-05-05 12:27:04",0,-1
5520,428,5,0.00,1,"2018-05-05 12:28:04",0,-1
5521,428,3,0.00,1,"2018-05-05 12:28:04",0,-1
5522,428,2,0.00,1,"2018-05-05 12:28:04",0,-1
5523,428,4,0.00,1,"2018-05-05 12:28:04",0,-1
5524,429,5,0.00,1,"2018-05-07 11:28:20",0,-1
5525,429,3,0.00,1,"2018-05-07 11:28:20",0,-1
5526,429,2,0.00,1,"2018-05-07 11:28:20",0,-1
5527,429,4,0.00,1,"2018-05-07 11:28:20",0,-1
5528,430,5,0.00,1,"2018-05-09 10:46:01",0,-1
5529,430,3,0.00,1,"2018-05-09 10:46:01",0,-1
5530,430,2,0.00,1,"2018-05-09 10:46:01",0,-1
5531,430,4,0.00,1,"2018-05-09 10:46:01",0,-1
5532,431,5,0.00,1,"2018-05-09 10:47:40",0,-1
5533,431,3,0.00,1,"2018-05-09 10:47:40",0,-1
5534,431,2,0.00,1,"2018-05-09 10:47:40",0,-1
5535,431,4,0.00,1,"2018-05-09 10:47:40",0,-1
5536,432,5,0.00,1,"2018-05-09 10:54:01",0,-1
5537,432,3,0.00,1,"2018-05-09 10:54:01",0,-1
5538,432,2,0.00,1,"2018-05-09 10:54:01",0,-1
5539,432,4,0.00,1,"2018-05-09 10:54:01",0,-1
5540,433,5,0.00,1,"2018-05-09 14:37:09",0,-1
5541,433,3,0.00,1,"2018-05-09 14:37:09",0,-1
5542,433,2,0.00,1,"2018-05-09 14:37:09",0,-1
5543,433,4,0.00,1,"2018-05-09 14:37:09",0,-1
5544,434,5,0.00,1,"2018-05-17 10:27:09",0,-1
5545,434,3,0.00,1,"2018-05-17 10:27:09",0,-1
5546,434,2,0.00,1,"2018-05-17 10:27:09",0,-1
5547,434,4,0.00,1,"2018-05-17 10:27:09",0,-1
5548,435,5,0.00,1,"2018-05-24 12:01:16",0,-1
5549,435,3,0.00,1,"2018-05-24 12:01:16",0,-1
5550,435,2,0.00,1,"2018-05-24 12:01:16",0,-1
5551,435,4,0.00,1,"2018-05-24 12:01:16",0,-1
5552,436,5,0.00,1,"2018-05-24 12:03:07",0,-1
5553,436,3,0.00,1,"2018-05-24 12:03:07",0,-1
5554,436,2,0.00,1,"2018-05-24 12:03:07",0,-1
5555,436,4,0.00,1,"2018-05-24 12:03:07",0,-1
5556,437,5,0.00,1,"2018-05-24 12:04:48",0,-1
5557,437,3,0.00,1,"2018-05-24 12:04:48",0,-1
5558,437,2,0.00,1,"2018-05-24 12:04:48",0,-1
5559,437,4,0.00,1,"2018-05-24 12:04:48",0,-1
5560,438,5,0.00,1,"2018-05-25 11:05:26",0,-1
5561,438,3,0.00,1,"2018-05-25 11:05:26",0,-1
5562,438,2,0.00,1,"2018-05-25 11:05:26",0,-1
5563,438,4,0.00,1,"2018-05-25 11:05:26",0,-1
5564,439,5,0.00,1,"2018-05-26 11:11:17",0,-1
5565,439,3,0.00,1,"2018-05-26 11:11:17",0,-1
5566,439,2,0.00,1,"2018-05-26 11:11:17",0,-1
5567,439,4,0.00,1,"2018-05-26 11:11:17",0,-1
5568,440,5,0.00,1,"2018-06-01 13:00:12",0,-1
5569,440,3,0.00,1,"2018-06-01 13:00:12",0,-1
5570,440,2,0.00,1,"2018-06-01 13:00:12",0,-1
5571,440,4,0.00,1,"2018-06-01 13:00:12",0,-1
5572,441,5,0.00,1,"2018-06-01 13:07:55",0,-1
5573,441,3,0.00,1,"2018-06-01 13:07:55",0,-1
5574,441,2,0.00,1,"2018-06-01 13:07:55",0,-1
5575,441,4,0.00,1,"2018-06-01 13:07:55",0,-1
5576,442,5,0.00,1,"2018-06-04 11:13:18",0,26
5577,442,3,0.00,1,"2018-06-04 11:13:18",0,26
5578,442,2,0.00,1,"2018-06-04 11:13:18",0,26
5579,442,4,0.00,1,"2018-06-04 11:13:18",0,26
5580,443,5,0.00,1,"2018-06-04 11:14:41",0,26
5581,443,3,0.00,1,"2018-06-04 11:14:41",0,26
5582,443,2,0.00,1,"2018-06-04 11:14:41",0,26
5583,443,4,0.00,1,"2018-06-04 11:14:41",0,26
5584,444,5,0.00,1,"2018-06-05 08:38:35",0,-1
5585,444,3,0.00,1,"2018-06-05 08:38:35",0,-1
5586,444,2,0.00,1,"2018-06-05 08:38:35",0,-1
5587,444,4,0.00,1,"2018-06-05 08:38:35",0,-1
5588,445,5,0.00,1,"2018-06-05 14:48:54",0,-1
5589,445,3,0.00,1,"2018-06-05 14:48:54",0,-1
5590,445,2,0.00,1,"2018-06-05 14:48:54",0,-1
5591,445,4,0.00,1,"2018-06-05 14:48:54",0,-1
5592,446,5,0.00,1,"2018-06-05 14:50:14",0,-1
5593,446,3,0.00,1,"2018-06-05 14:50:14",0,-1
5594,446,2,0.00,1,"2018-06-05 14:50:14",0,-1
5595,446,4,0.00,1,"2018-06-05 14:50:14",0,-1
5596,447,5,0.00,1,"2018-06-05 14:51:21",0,-1
5597,447,3,0.00,1,"2018-06-05 14:51:21",0,-1
5598,447,2,0.00,1,"2018-06-05 14:51:21",0,-1
5599,447,4,0.00,1,"2018-06-05 14:51:21",0,-1
5600,449,5,0.00,1,"2018-06-09 12:56:08",0,-1
5601,449,3,0.00,1,"2018-06-09 12:56:08",0,-1
5602,449,2,0.00,1,"2018-06-09 12:56:08",0,-1
5603,449,4,0.00,1,"2018-06-09 12:56:08",0,-1
5604,450,5,0.00,1,"2018-06-09 12:57:58",0,-1
5605,450,3,0.00,1,"2018-06-09 12:57:58",0,-1
5606,450,2,0.00,1,"2018-06-09 12:57:58",0,-1
5607,450,4,0.00,1,"2018-06-09 12:57:58",0,-1
5608,451,5,0.00,1,"2018-06-09 13:22:58",0,-1
5609,451,3,0.00,1,"2018-06-09 13:22:58",0,-1
5610,451,2,0.00,1,"2018-06-09 13:22:58",0,-1
5611,451,4,0.00,1,"2018-06-09 13:22:58",0,-1
5612,452,5,0.00,1,"2018-06-11 10:34:45",0,-1
5613,452,3,0.00,1,"2018-06-11 10:34:45",0,-1
5614,452,2,0.00,1,"2018-06-11 10:34:45",0,-1
5615,452,4,0.00,1,"2018-06-11 10:34:45",0,-1
5616,453,5,0.00,1,"2018-06-13 09:30:49",0,-1
5617,453,3,0.00,1,"2018-06-13 09:30:49",0,-1
5618,453,2,0.00,1,"2018-06-13 09:30:49",0,-1
5619,453,4,0.00,1,"2018-06-13 09:30:49",0,-1
5620,454,5,0.00,1,"2018-06-14 11:05:43",0,-1
5621,454,3,0.00,1,"2018-06-14 11:05:43",0,-1
5622,454,2,0.00,1,"2018-06-14 11:05:43",0,-1
5623,454,4,0.00,1,"2018-06-14 11:05:43",0,-1
5624,455,5,0.00,1,"2018-06-20 15:27:23",0,-1
5625,455,3,0.00,1,"2018-06-20 15:27:23",0,-1
5626,455,2,0.00,1,"2018-06-20 15:27:23",0,-1
5627,455,4,0.00,1,"2018-06-20 15:27:23",0,-1
5628,456,5,0.00,1,"2018-06-20 15:28:05",0,-1
5629,456,3,0.00,1,"2018-06-20 15:28:05",0,-1
5630,456,2,0.00,1,"2018-06-20 15:28:05",0,-1
5631,456,4,0.00,1,"2018-06-20 15:28:05",0,-1
5632,457,5,0.00,1,"2018-06-22 11:20:00",0,-1
5633,457,3,0.00,1,"2018-06-22 11:20:00",0,-1
5634,457,2,0.00,1,"2018-06-22 11:20:00",0,-1
5635,457,4,0.00,1,"2018-06-22 11:20:00",0,-1
5636,458,5,0.00,1,"2018-06-28 09:33:30",0,-1
5637,458,3,0.00,1,"2018-06-28 09:33:30",0,-1
5638,458,2,0.00,1,"2018-06-28 09:33:30",0,-1
5639,458,4,0.00,1,"2018-06-28 09:33:30",0,-1
5640,462,5,0.00,1,"2018-07-04 11:28:34",0,-1
5641,462,3,0.00,1,"2018-07-04 11:28:34",0,-1
5642,462,2,0.00,1,"2018-07-04 11:28:34",0,-1
5643,462,4,0.00,1,"2018-07-04 11:28:34",0,-1
5644,463,5,0.00,1,"2018-07-04 11:29:26",0,-1
5645,463,3,0.00,1,"2018-07-04 11:29:26",0,-1
5646,463,2,0.00,1,"2018-07-04 11:29:26",0,-1
5647,463,4,0.00,1,"2018-07-04 11:29:26",0,-1
5648,464,5,0.00,1,"2018-07-11 11:15:30",0,-1
5649,464,3,0.00,1,"2018-07-11 11:15:30",0,-1
5650,464,2,0.00,1,"2018-07-11 11:15:30",0,-1
5651,464,4,0.00,1,"2018-07-11 11:15:30",0,-1
5652,465,5,0.00,1,"2018-07-11 11:16:04",0,-1
5653,465,3,0.00,1,"2018-07-11 11:16:04",0,-1
5654,465,2,0.00,1,"2018-07-11 11:16:04",0,-1
5655,465,4,0.00,1,"2018-07-11 11:16:04",0,-1
5656,466,5,0.00,1,"2018-07-11 11:25:32",0,-1
5657,466,3,0.00,1,"2018-07-11 11:25:32",0,-1
5658,466,2,0.00,1,"2018-07-11 11:25:32",0,-1
5659,466,4,0.00,1,"2018-07-11 11:25:32",0,-1
5660,467,5,0.00,1,"2018-07-11 11:26:26",0,-1
5661,467,3,0.00,1,"2018-07-11 11:26:26",0,-1
5662,467,2,0.00,1,"2018-07-11 11:26:26",0,-1
5663,467,4,0.00,1,"2018-07-11 11:26:26",0,-1
5664,469,5,0.00,1,"2018-07-17 11:51:40",0,-1
5665,469,3,0.00,1,"2018-07-17 11:51:40",0,-1
5666,469,2,0.00,1,"2018-07-17 11:51:40",0,-1
5667,469,4,0.00,1,"2018-07-17 11:51:40",0,-1
5668,470,5,0.00,1,"2018-07-18 12:12:42",0,-1
5669,470,3,0.00,1,"2018-07-18 12:12:42",0,-1
5670,470,2,0.00,1,"2018-07-18 12:12:42",0,-1
5671,470,4,0.00,1,"2018-07-18 12:12:42",0,-1
5672,471,5,0.00,1,"2018-08-03 10:58:03",0,-1
5673,471,3,0.00,1,"2018-08-03 10:58:03",0,-1
5674,471,2,0.00,1,"2018-08-03 10:58:03",0,-1
5675,471,4,0.00,1,"2018-08-03 10:58:03",0,-1
5676,472,5,0.00,1,"2018-08-17 07:56:06",0,-1
5677,472,3,0.00,1,"2018-08-17 07:56:06",0,-1
5678,472,2,0.00,1,"2018-08-17 07:56:06",0,-1
5679,472,4,0.00,1,"2018-08-17 07:56:06",0,-1
5680,473,5,0.00,1,"2018-09-08 11:24:02",0,-1
5681,473,3,0.00,1,"2018-09-08 11:24:02",0,-1
5682,473,2,0.00,1,"2018-09-08 11:24:02",0,-1
5683,473,4,0.00,1,"2018-09-08 11:24:02",0,-1
5684,474,5,0.00,1,"2018-09-12 12:45:18",0,-1
5685,474,3,0.00,1,"2018-09-12 12:45:18",0,-1
5686,474,2,0.00,1,"2018-09-12 12:45:18",0,-1
5687,474,4,0.00,1,"2018-09-12 12:45:18",0,-1
5688,475,5,0.00,1,"2018-09-12 12:59:53",0,71
5689,475,3,0.00,1,"2018-09-12 12:59:53",0,71
5690,475,2,0.00,1,"2018-09-12 12:59:53",0,71
5691,475,4,0.00,1,"2018-09-12 12:59:53",0,71
5692,481,5,0.00,1,"2018-09-12 13:21:17",0,-1
5693,481,3,0.00,1,"2018-09-12 13:21:17",0,-1
5694,481,2,0.00,1,"2018-09-12 13:21:17",0,-1
5695,481,4,0.00,1,"2018-09-12 13:21:17",0,-1
5696,482,5,0.00,1,"2018-09-12 13:26:48",0,26
5697,482,3,0.00,1,"2018-09-12 13:26:48",0,26
5698,482,2,0.00,1,"2018-09-12 13:26:48",0,26
5699,482,4,0.00,1,"2018-09-12 13:26:48",0,26
5700,483,5,0.00,1,"2018-09-13 11:46:47",0,30
5701,483,3,0.00,1,"2018-09-13 11:46:47",0,30
5702,483,2,0.00,1,"2018-09-13 11:46:47",0,30
5703,483,4,0.00,1,"2018-09-13 11:46:47",0,30
5704,485,5,0.00,1,"2018-09-29 08:39:31",0,-1
5705,485,3,0.00,1,"2018-09-29 08:39:31",0,-1
5706,485,2,0.00,1,"2018-09-29 08:39:31",0,-1
5707,485,4,0.00,1,"2018-09-29 08:39:31",0,-1
5708,486,5,0.00,1,"2018-09-29 08:41:05",0,30
5709,486,3,0.00,1,"2018-09-29 08:41:05",0,30
5710,486,2,0.00,1,"2018-09-29 08:41:05",0,30
5711,486,4,0.00,1,"2018-09-29 08:41:05",0,30
5712,487,5,0.00,1,"2018-09-29 08:45:10",0,-1
5713,487,3,0.00,1,"2018-09-29 08:45:10",0,-1
5714,487,2,0.00,1,"2018-09-29 08:45:10",0,-1
5715,487,4,0.00,1,"2018-09-29 08:45:10",0,-1
5716,488,5,0.00,1,"2018-10-10 12:59:44",0,-1
5717,488,3,0.00,1,"2018-10-10 12:59:44",0,-1
5718,488,2,0.00,1,"2018-10-10 12:59:44",0,-1
5719,488,4,0.00,1,"2018-10-10 12:59:44",0,-1
