id,bien_id,moneda_id,precio_tipo_id,unidad_medida_id,precio,incluye_igv,check_igv,descuento,estado,fecha_creacion,usuario_creacion
2119,66,2,1,-1,0.819102,0.966540,1,0.000000,1,"2016-10-17 11:40:13",1
2120,67,2,1,-1,0.641695,0.757200,1,0.000000,1,"2016-10-17 11:40:13",1
2121,68,2,1,-1,0.670381,0.791050,1,0.000000,1,"2016-10-17 11:40:13",1
2122,69,2,1,-1,1.629144,1.922390,1,0.000000,1,"2016-10-17 11:40:13",1
2123,70,2,1,-1,1.477881,1.743900,1,0.000000,1,"2016-10-17 11:40:13",1
2124,71,2,1,-1,0.016949,0.020000,1,0.000000,1,"2016-10-17 11:40:14",1
2125,72,2,1,-1,0.271186,0.320000,1,0.000000,1,"2016-10-17 11:40:14",1
2126,73,2,1,-1,0.381356,0.450000,1,0.000000,1,"2016-10-17 11:40:14",1
2127,74,2,1,-1,0.525424,0.620000,1,0.000000,1,"2016-10-17 11:40:14",1
2128,75,2,1,-1,0.008475,0.010000,1,0.000000,1,"2016-10-17 11:40:14",1
2129,76,2,1,-1,0.008475,0.010000,1,0.000000,1,"2016-10-17 11:40:14",1
2130,77,2,1,-1,0.008475,0.010000,1,0.000000,1,"2016-10-17 11:40:14",1
2131,78,2,1,-1,0.008475,0.010000,1,0.000000,1,"2016-10-17 11:40:14",1
2132,79,2,1,-1,0.008475,0.010000,1,0.000000,1,"2016-10-17 11:40:14",1
2133,80,2,1,-1,0.008475,0.010000,1,0.000000,1,"2016-10-17 11:40:14",1
2134,81,2,1,-1,4.101695,4.840000,1,0.000000,1,"2016-10-17 11:40:14",1
2135,82,2,1,-1,0.008475,0.010000,1,0.000000,1,"2016-10-17 11:40:14",1
2136,83,2,1,-1,0.008475,0.010000,1,0.000000,1,"2016-10-17 11:40:15",1
2137,84,2,1,-1,0.008475,0.010000,1,0.000000,1,"2016-10-17 11:40:15",1
2138,85,2,1,-1,0.008475,0.010000,1,0.000000,1,"2016-10-17 11:40:15",1
2139,86,2,1,-1,0.127119,0.150000,1,0.000000,1,"2016-10-17 11:40:15",1
2140,87,2,1,-1,0.008475,0.010000,1,0.000000,1,"2016-10-17 11:40:15",1
2141,88,2,1,-1,0.008475,0.010000,1,0.000000,1,"2016-10-17 11:40:15",1
2142,89,2,1,-1,0.008475,0.010000,1,0.000000,1,"2016-10-17 11:40:15",1
2143,90,2,1,-1,0.008475,0.010000,1,0.000000,1,"2016-10-17 11:40:15",1
2144,91,2,1,-1,0.008475,0.010000,1,0.000000,1,"2016-10-17 11:40:15",1
2145,92,2,1,-1,0.008475,0.010000,1,0.000000,1,"2016-10-17 11:40:15",1
2146,93,2,1,-1,0.008475,0.010000,1,0.000000,1,"2016-10-17 11:40:15",1
2147,94,2,1,-1,0.008475,0.010000,1,0.000000,1,"2016-10-17 11:40:15",1
2148,95,2,1,-1,20.082508,23.697360,1,0.000000,1,"2016-10-17 11:40:15",1
2149,96,2,1,-1,0.008475,0.010000,1,0.000000,1,"2016-10-17 11:40:16",1
2150,97,2,1,-1,0.008475,0.010000,1,0.000000,1,"2016-10-17 11:40:16",1
2151,98,2,1,-1,0.008475,0.010000,1,0.000000,1,"2016-10-17 11:40:16",1
2152,99,2,1,-1,0.008475,0.010000,1,0.000000,1,"2016-10-17 11:40:16",1
2153,100,2,1,-1,0.008475,0.010000,1,0.000000,1,"2016-10-17 11:40:16",1
2154,101,2,1,-1,0.008475,0.010000,1,0.000000,1,"2016-10-17 11:40:16",1
2155,102,2,1,-1,0.008475,0.010000,1,0.000000,1,"2016-10-17 11:40:16",1
2156,103,2,1,-1,0.008475,0.010000,1,0.000000,1,"2016-10-17 11:40:16",1
2157,104,2,1,-1,0.008475,0.010000,1,0.000000,1,"2016-10-17 11:40:16",1
2158,105,2,1,-1,0.008475,0.010000,1,0.000000,1,"2016-10-17 11:40:16",1
2159,106,2,1,-1,0.008475,0.010000,1,0.000000,1,"2016-10-17 11:40:16",1
2160,107,2,1,-1,0.008475,0.010000,1,0.000000,1,"2016-10-17 11:40:16",1
2161,108,2,1,-1,0.008475,0.010000,1,0.000000,1,"2016-10-17 11:40:16",1
2162,109,2,1,-1,0.008475,0.010000,1,0.000000,1,"2016-10-17 11:40:17",1
2163,110,2,1,-1,0.008475,0.010000,1,0.000000,1,"2016-10-17 11:40:17",1
2164,111,2,1,-1,0.008475,0.010000,1,0.000000,1,"2016-10-17 11:40:17",1
2165,112,2,1,-1,0.008475,0.010000,1,0.000000,1,"2016-10-17 11:40:17",1
2166,113,2,1,-1,0.008475,0.010000,1,0.000000,1,"2016-10-17 11:40:17",1
2167,114,2,1,-1,0.008475,0.010000,1,0.000000,1,"2016-10-17 11:40:17",1
2168,115,2,1,-1,0.008475,0.010000,1,0.000000,1,"2016-10-17 11:40:17",1
2169,116,2,1,-1,0.008475,0.010000,1,0.000000,1,"2016-10-17 11:40:17",1
2170,117,2,1,-1,0.008475,0.010000,1,0.000000,1,"2016-10-17 11:40:17",1
2171,118,2,1,-1,0.008475,0.010000,1,0.000000,1,"2016-10-17 11:40:17",1
2172,119,2,2,-1,29.661017,35.000000,1,0.000000,1,"2016-10-17 11:40:17",1
2173,120,2,2,-1,42.372881,50.000000,1,0.000000,1,"2016-10-17 11:40:17",1
2174,121,2,2,-1,67.796610,80.000000,1,0.000000,1,"2016-10-17 11:40:17",1
2175,122,2,2,-1,5.677966,6.700000,1,0.000000,1,"2016-10-17 11:40:18",1
2176,123,2,2,-1,5.508475,6.500000,1,0.000000,1,"2016-10-17 11:40:18",1
2177,124,2,2,-1,5.084746,6.000000,1,0.000000,1,"2016-10-17 11:40:18",1
2178,125,2,2,-1,4.661017,5.500000,1,0.000000,1,"2016-10-17 11:40:18",1
2179,126,2,2,-1,6.779661,8.000000,1,0.000000,1,"2016-10-17 11:40:18",1
2180,127,2,2,-1,6.355932,7.500000,1,0.000000,1,"2016-10-17 11:40:18",1
2181,128,2,2,-1,5.932203,7.000000,1,0.000000,1,"2016-10-17 11:40:18",1
2182,129,2,2,-1,5.508475,6.500000,1,0.000000,1,"2016-10-17 11:40:18",1
2183,130,2,2,-1,12.711864,15.000000,1,0.000000,1,"2016-10-17 11:40:18",1
2184,131,2,2,-1,11.016949,13.000000,1,0.000000,1,"2016-10-17 11:40:18",1
2185,132,2,2,-1,9.322034,11.000000,1,0.000000,1,"2016-10-17 11:40:18",1
2186,133,2,2,-1,8.898305,10.500000,1,0.000000,1,"2016-10-17 11:40:18",1
2187,134,2,2,-1,15.254237,18.000000,1,0.000000,1,"2016-10-17 11:40:18",1
2188,135,2,2,-1,13.559322,16.000000,1,0.000000,1,"2016-10-17 11:40:18",1
2189,136,2,2,-1,13.135593,15.500000,1,0.000000,1,"2016-10-17 11:40:19",1
2190,137,2,2,-1,10.169492,12.000000,1,0.000000,1,"2016-10-17 11:40:19",1
2191,138,2,2,-1,9.745763,11.500000,1,0.000000,1,"2016-10-17 11:40:19",1
2192,139,2,2,-1,9.322034,11.000000,1,0.000000,1,"2016-10-17 11:40:19",1
2193,140,2,2,-1,8.898305,10.500000,1,0.000000,1,"2016-10-17 11:40:19",1
2194,141,2,2,-1,8.474576,10.000000,1,0.000000,1,"2016-10-17 11:40:19",1
2201,148,2,2,-1,2.118644,2.500000,1,0.000000,1,"2016-10-17 11:40:19",1
2202,149,2,2,-1,4.237288,5.000000,1,0.000000,1,"2016-10-17 11:40:20",1
2203,150,2,1,-1,0.169492,0.200000,1,0.000000,1,"2016-10-17 11:40:20",1
2204,151,2,1,-1,0.008475,0.010000,1,0.000000,1,"2016-10-17 11:40:20",1
2205,152,2,1,-1,0.016949,0.020000,1,0.000000,1,"2016-10-17 11:40:20",1
2206,153,2,1,-1,0.271186,0.320000,1,0.000000,1,"2016-10-17 11:40:20",1
2207,154,2,1,-1,1.694915,2.000000,1,0.000000,1,"2016-10-17 11:40:20",1
2209,156,2,1,-1,0.016949,0.020000,1,0.000000,1,"2016-10-17 11:40:20",1
2211,158,2,1,-1,0.169492,0.200000,1,0.000000,1,"2016-10-17 11:40:20",1
2212,159,2,1,-1,0.008475,0.010000,1,0.000000,1,"2016-10-17 11:40:20",1
2213,160,2,1,-1,0.016949,0.020000,1,0.000000,1,"2016-10-17 11:40:20",1
2214,161,2,1,-1,0.194915,0.230000,1,0.000000,1,"2016-10-17 11:40:20",1
2215,162,2,1,-1,2.542373,3.000000,1,0.000000,1,"2016-10-17 11:40:21",1
2217,164,2,1,-1,0.025424,0.030000,1,0.000000,1,"2016-10-17 11:40:21",1
2220,167,2,1,-1,0.423729,0.500000,1,0.000000,1,"2016-10-17 11:40:21",1
2221,168,2,1,-1,0.025424,0.030000,1,0.000000,1,"2016-10-17 11:40:21",1
2222,169,2,1,-1,0.025424,0.030000,1,0.000000,1,"2016-10-17 11:40:21",1
2223,170,2,1,-1,0.677966,0.800000,1,0.000000,1,"2016-10-17 11:40:21",1
2224,171,2,1,-1,0.847458,1.000000,1,0.000000,1,"2016-10-17 11:40:21",1
2226,173,2,1,-1,0.169492,0.200000,1,0.000000,1,"2016-10-17 11:40:21",1
2228,175,2,1,-1,0.084746,0.100000,1,0.000000,1,"2016-10-17 11:40:22",1
2229,176,2,1,-1,0.016949,0.020000,1,0.000000,1,"2016-10-17 11:40:22",1
2231,178,2,1,-1,0.737924,0.870750,1,0.000000,1,"2016-10-17 11:40:22",1
2232,179,2,1,-1,0.084746,0.100000,1,0.000000,1,"2016-10-17 11:40:22",1
2233,180,2,1,-1,0.008475,0.010000,1,0.000000,1,"2016-10-17 11:40:22",1
2235,182,2,1,-1,4.449153,5.250000,1,0.000000,1,"2016-10-17 11:40:22",1
2236,183,2,1,-1,4.449153,5.250000,1,0.000000,1,"2016-10-17 11:40:22",1
2237,184,2,1,-1,0.008475,0.010000,1,0.000000,1,"2016-10-17 11:40:22",1
2239,186,2,1,-1,0.008475,0.010000,1,0.000000,1,"2016-10-17 11:40:22",1
2240,187,2,1,-1,0.008475,0.010000,1,0.000000,1,"2016-10-17 11:40:22",1
2241,188,2,1,-1,0.008475,0.010000,1,0.000000,1,"2016-10-17 11:40:22",1
2249,196,2,1,-1,0.001966,0.002320,1,0.000000,1,"2016-10-17 11:40:23",1
2259,213,2,1,-1,0.847458,1.000000,1,0.000000,1,"2016-10-31 10:37:39",1
2260,214,2,1,-1,97.457627,115.000000,1,0.000000,1,"2016-10-31 10:43:53",1
2262,166,2,1,-1,2.305085,2.720000,1,0.000000,1,"2016-11-11 15:19:45",1
2263,150,2,2,-1,8.474576,10.000000,1,0.000000,1,"2016-11-23 16:13:20",1
2264,158,2,2,-1,10.169492,12.000000,1,0.000000,1,"2016-11-23 17:05:44",1
2265,151,2,2,-1,8.474576,10.000000,1,0.000000,1,"2016-11-23 17:07:14",1
2266,159,2,2,-1,10.169492,12.000000,1,0.000000,1,"2016-11-23 17:07:51",1
2267,202,2,1,-1,2.542373,3.000000,1,0.000000,1,"2016-11-23 17:10:17",1
2268,201,2,1,-1,0.016949,0.020000,1,0.000000,1,"2016-11-23 17:11:02",1
2269,164,2,2,-1,10.169492,12.000000,1,0.000000,1,"2016-11-23 17:12:14",1
2270,156,2,2,-1,8.474576,10.000000,1,0.000000,1,"2016-11-23 17:12:34",1
2271,162,2,2,-1,10.169492,12.000000,1,0.000000,1,"2016-11-23 17:13:14",1
2272,154,2,2,-1,8.474576,10.000000,1,0.000000,1,"2016-11-23 17:13:31",1
2273,176,2,2,-1,4.237288,5.000000,1,0.000000,1,"2016-11-23 17:14:32",1
2274,171,2,2,-1,7.203390,8.500000,1,0.000000,1,"2016-11-23 17:15:11",1
2275,170,2,2,-1,7.203390,8.500000,1,0.000000,1,"2016-11-23 17:15:40",1
2276,175,2,2,-1,5.084746,6.000000,1,0.000000,1,"2016-11-23 17:16:30",1
2284,201,2,2,-1,8.474576,10.000000,1,0.000000,1,"2017-02-10 19:03:01",1
2285,65,2,2,-1,1.694915,2.000000,1,0.000000,1,"2017-02-16 09:26:01",1
2286,65,2,1,-1,0.423729,0.500000,1,0.000000,1,"2017-02-16 09:26:01",1
2287,117,2,2,-1,4.237288,5.000000,1,0.000000,1,"2017-02-16 09:29:22",1
2288,221,2,1,-1,5.084746,6.000000,1,0.000000,1,"2017-02-16 16:26:03",1
2289,221,2,2,-1,8.474576,10.000000,1,0.000000,1,"2017-02-16 16:26:04",1
2290,78,2,2,-1,4.237288,5.000000,1,0.000000,1,"2017-02-24 17:19:15",1
2291,113,2,2,-1,4.237288,5.000000,1,0.000000,1,"2017-02-27 12:01:22",1
2293,167,2,2,-1,10.169492,12.000000,1,0.000000,1,"2017-03-02 10:23:57",1
2297,225,2,1,-1,0.423729,0.500000,1,0.000000,1,"2017-05-11 11:03:32",1
2298,225,2,2,-1,2.118644,2.500000,1,0.000000,1,"2017-05-11 11:03:33",1
2299,226,2,1,-1,0.423729,0.500000,1,0.000000,1,"2017-05-11 11:07:23",1
2300,226,2,2,-1,2.118644,2.500000,1,0.000000,1,"2017-05-11 11:07:23",1
2301,227,2,1,-1,0.423729,0.500000,1,0.000000,1,"2017-05-11 11:13:10",1
2302,227,2,2,-1,2.118644,2.500000,1,0.000000,1,"2017-05-11 11:13:11",1
2303,228,2,1,-1,0.423729,0.500000,1,0.000000,1,"2017-05-11 11:14:17",1
2304,228,2,2,-1,2.118644,2.500000,1,0.000000,1,"2017-05-11 11:14:18",1
2307,230,2,1,-1,0.423729,0.500000,1,0.000000,1,"2017-05-11 11:53:09",1
2308,230,2,2,-1,4.237288,5.000000,1,0.000000,1,"2017-05-11 11:53:09",1
2309,231,2,1,-1,0.423729,0.500000,1,0.000000,1,"2017-05-11 11:54:14",1
2310,231,2,2,-1,4.237288,5.000000,1,0.000000,1,"2017-05-11 11:54:15",1
2311,232,2,1,-1,0.423729,0.500000,1,0.000000,1,"2017-05-11 11:55:48",1
2312,232,2,2,-1,4.237288,5.000000,1,0.000000,1,"2017-05-11 11:55:49",1
2313,233,2,1,-1,0.423729,0.500000,1,0.000000,1,"2017-05-11 11:56:46",1
2314,233,2,2,-1,4.237288,5.000000,1,0.000000,1,"2017-05-11 11:56:47",1
2315,234,2,1,-1,0.423729,0.500000,1,0.000000,1,"2017-05-11 11:59:31",1
2316,234,2,2,-1,4.237288,5.000000,1,0.000000,1,"2017-05-11 11:59:31",1
2317,235,2,1,-1,0.423729,0.500000,1,0.000000,1,"2017-05-11 12:00:26",1
2318,235,2,2,-1,4.237288,5.000000,1,0.000000,1,"2017-05-11 12:00:27",1
2319,236,2,1,-1,0.423729,0.500000,1,0.000000,1,"2017-05-11 12:02:57",1
2320,236,2,2,-1,4.237288,5.000000,1,0.000000,1,"2017-05-11 12:02:58",1
2321,237,2,1,-1,0.423729,0.500000,1,0.000000,1,"2017-05-11 12:04:38",1
2322,237,2,2,-1,4.237288,5.000000,1,0.000000,1,"2017-05-11 12:04:39",1
2323,238,2,1,-1,0.423729,0.500000,1,0.000000,1,"2017-05-11 12:05:32",1
2324,238,2,2,-1,4.237288,5.000000,1,0.000000,1,"2017-05-11 12:05:32",1
2325,239,2,1,-1,0.423729,0.500000,1,0.000000,1,"2017-05-11 12:06:31",1
2326,239,2,2,-1,4.237288,5.000000,1,0.000000,1,"2017-05-11 12:06:31",1
2327,240,2,1,-1,1.694915,2.000000,1,0.000000,1,"2017-05-11 12:15:15",1
2328,240,2,2,-1,8.474576,10.000000,1,0.000000,1,"2017-05-11 12:15:15",1
2329,241,2,1,-1,0.008475,0.010000,1,0.000000,1,"2017-05-11 12:16:04",1
2330,241,2,2,-1,8.474576,10.000000,1,0.000000,1,"2017-05-11 12:16:04",1
2331,242,2,1,-1,0.008475,0.010000,1,0.000000,1,"2017-05-11 12:23:00",1
2332,242,2,2,-1,5.932203,7.000000,1,0.000000,1,"2017-05-11 12:23:01",1
2333,243,2,1,-1,0.008475,0.010000,1,0.000000,1,"2017-05-11 12:23:59",1
2334,243,2,2,-1,5.084746,6.000000,1,0.000000,1,"2017-05-11 12:24:00",1
2335,244,2,1,-1,0.008475,0.010000,1,0.000000,1,"2017-05-11 12:24:45",1
2336,244,2,2,-1,6.779661,8.000000,1,0.000000,1,"2017-05-11 12:24:45",1
2337,245,2,1,-1,0.847458,1.000000,1,0.000000,1,"2017-05-11 12:25:46",1
2338,245,2,2,-1,55.084746,65.000000,1,0.000000,1,"2017-05-11 12:25:47",1
2339,246,2,1,-1,0.847458,1.000000,1,0.000000,1,"2017-05-11 12:29:06",1
2340,246,2,2,-1,55.084746,65.000000,1,0.000000,1,"2017-05-11 12:29:07",1
2341,247,2,1,-1,0.008475,0.010000,1,0.000000,1,"2017-05-11 12:34:17",1
2342,247,2,2,-1,55.084746,65.000000,1,0.000000,1,"2017-05-11 12:34:18",1
2343,49,2,2,-1,1.694915,2.000000,1,0.000000,1,"2017-05-11 15:03:18",1
2344,255,2,1,-1,0.025424,0.030000,1,0.000000,1,"2017-05-11 18:05:56",1
2345,256,2,1,-1,2.203390,2.600000,1,0.000000,1,"2017-05-11 18:08:27",1
2348,260,2,1,-1,0.254237,0.300000,1,0.000000,1,"2017-05-11 18:52:03",1
2349,261,2,1,-1,0.847458,1.000000,1,0.000000,1,"2017-05-11 18:57:23",1
2350,262,2,1,-1,0.084746,0.100000,1,0.000000,1,"2017-05-11 18:58:52",1
2351,263,2,1,-1,0.084746,0.100000,1,0.000000,1,"2017-05-11 18:59:15",1
2352,264,2,1,-1,0.135593,0.160000,1,0.000000,1,"2017-05-11 19:01:15",1
2353,265,2,1,-1,0.932203,1.100000,1,0.000000,1,"2017-05-11 19:02:34",1
2354,266,2,1,-1,0.084746,0.100000,1,0.000000,1,"2017-05-11 19:02:50",1
2355,267,2,1,-1,0.025424,0.030000,1,0.000000,1,"2017-05-12 15:48:22",1
2356,152,2,2,-1,8.474576,10.000000,1,0.000000,1,"2017-05-22 15:33:34",1
2358,160,2,2,-1,10.169492,12.000000,1,0.000000,1,"2017-05-22 15:36:20",1
2361,202,2,2,-1,10.169492,12.000000,1,0.000000,1,"2017-05-22 15:37:20",1
2362,166,2,2,-1,10.169492,12.000000,1,0.000000,1,"2017-05-22 15:39:10",1
2363,267,2,2,-1,10.169492,12.000000,1,0.000000,1,"2017-05-22 15:40:28",1
2365,169,2,2,-1,10.169492,12.000000,1,0.000000,1,"2017-05-22 15:41:24",1
2368,168,2,2,-1,10.169492,12.000000,1,0.000000,1,"2017-05-22 15:42:50",1
2372,260,2,2,-1,6.355932,7.500000,1,0.000000,1,"2017-05-22 15:46:47",1
2373,261,2,2,-1,3.389831,4.000000,1,0.000000,1,"2017-05-22 15:47:44",1
2374,263,2,2,-1,4.237288,5.000000,1,0.000000,1,"2017-05-22 15:48:19",1
2375,262,2,2,-1,5.084746,6.000000,1,0.000000,1,"2017-05-22 15:48:54",1
2376,264,2,2,-1,5.932203,7.000000,1,0.000000,1,"2017-05-22 15:49:28",1
2377,265,2,2,-1,5.932203,7.000000,1,0.000000,1,"2017-05-22 15:50:04",1
2378,266,2,2,-1,6.355932,7.500000,1,0.000000,1,"2017-05-22 15:52:30",1
2379,255,2,2,-1,10.169492,12.000000,1,0.000000,1,"2017-05-22 15:59:00",1
2381,256,2,2,-1,10.169492,12.000000,1,0.000000,1,"2017-05-22 15:59:40",1
2397,1,2,1,42,98.305085,116.000000,1,0.000000,1,"2017-06-02 09:36:28",1
2398,283,2,1,-1,1186.440678,1400.000000,1,0.000000,1,"2017-06-02 15:34:07",1
2399,272,2,2,-1,1.694915,2.000000,1,0.000000,1,"2017-07-11 20:25:46",4
2400,50,2,2,-1,0.847458,1.000000,1,0.000000,1,"2017-07-11 20:30:29",4
2401,51,2,2,-1,0.847458,1.000000,1,0.000000,1,"2017-07-11 20:32:35",4
2402,278,2,2,-1,1.694915,2.000000,1,0.000000,1,"2017-07-11 20:37:07",4
2403,297,2,2,-1,1.694915,2.000000,1,0.000000,1,"2017-07-11 21:20:48",4
2404,298,2,1,-1,0.008475,0.010000,1,0.000000,1,"2017-07-11 21:48:33",4
2407,268,2,2,-1,1.694915,2.000000,1,0.000000,1,"2017-12-27 19:20:26",1
2408,300,2,1,-1,0.271186,0.320000,1,0.000000,1,"2018-01-05 11:07:15",1
2409,300,2,2,-1,4.237288,5.000000,1,0.000000,1,"2018-01-05 11:07:15",1
2410,301,2,1,-1,0.847458,1.000000,1,0.000000,1,"2018-01-08 19:21:26",1
2411,301,2,2,-1,4.237288,5.000000,1,0.000000,1,"2018-01-08 19:21:26",1
2412,302,2,1,-1,0.743186,0.876960,1,0.000000,1,"2018-01-10 12:50:51",1
2413,303,2,1,-1,0.271186,0.320000,1,0.000000,1,"2018-01-10 12:52:32",1
2414,304,2,1,-1,0.440678,0.520000,1,0.000000,1,"2018-01-10 12:53:37",1
2415,305,2,1,-1,0.008475,0.010000,1,0.000000,1,"2018-01-10 12:55:04",1
2416,306,2,1,-1,0.008475,0.010000,1,0.000000,1,"2018-01-10 12:56:54",1
2417,307,2,1,-1,0.008475,0.010000,1,0.000000,1,"2018-01-10 12:59:04",1
2418,307,2,2,-1,4.237288,5.000000,1,0.000000,1,"2018-01-10 18:33:04",1
2419,306,2,2,-1,4.237288,5.000000,1,0.000000,1,"2018-01-10 18:37:10",1
2420,305,2,2,-1,4.237288,5.000000,1,0.000000,1,"2018-01-10 18:37:37",1
2421,304,2,2,-1,4.237288,5.000000,1,0.000000,1,"2018-01-10 18:38:00",1
2422,303,2,2,-1,4.237288,5.000000,1,0.000000,1,"2018-01-10 18:38:22",1
2423,302,2,2,-1,4.237288,5.000000,1,0.000000,1,"2018-01-10 18:38:57",1
2425,66,2,2,-1,4.237288,5.000000,1,0.000000,1,"2018-01-23 21:47:01",9
2426,67,2,2,-1,4.237288,5.000000,1,0.000000,1,"2018-01-23 21:47:55",9
2427,68,2,2,-1,4.237288,5.000000,1,0.000000,1,"2018-01-24 09:25:55",9
2428,70,2,2,-1,4.237288,5.000000,1,0.000000,1,"2018-01-24 09:33:05",9
2429,69,2,2,-1,4.237288,5.000000,1,0.000000,1,"2018-01-24 09:35:36",9
2430,71,2,2,-1,4.237288,5.000000,1,0.000000,1,"2018-01-24 09:36:38",9
2431,72,2,2,-1,4.237288,5.000000,1,0.000000,1,"2018-01-24 11:23:28",9
2432,74,2,2,-1,4.237288,5.000000,1,0.000000,1,"2018-01-24 11:52:17",9
2433,86,2,2,-1,4.237288,5.000000,1,0.000000,1,"2018-01-24 14:15:42",9
2434,310,2,1,-1,0.301942,0.356291,1,0.000000,1,"2018-01-24 18:48:26",9
2435,311,2,1,-1,0.338983,0.400000,1,0.000000,1,"2018-01-30 09:46:10",9
2436,311,2,2,-1,4.237288,5.000000,1,0.000000,1,"2018-01-30 09:46:10",9
2437,318,2,1,-1,0.248440,0.293159,1,0.000000,1,"2018-02-01 11:32:05",9
2438,319,2,1,-1,0.307996,0.363435,1,0.000000,1,"2018-02-01 11:40:03",9
2439,326,2,1,-1,1.694915,2.000000,1,0.000000,1,"2018-02-02 10:48:46",9
2440,326,2,2,-1,5.932203,7.000000,1,0.000000,1,"2018-02-02 10:48:46",9
2441,329,2,1,-1,0.216223,0.255143,1,0.000000,1,"2018-02-02 11:42:20",9
2442,330,2,1,-1,0.273422,0.322638,1,0.000000,1,"2018-02-02 11:49:24",9
2443,333,2,1,-1,0.062264,0.073472,1,0.000000,1,"2018-02-02 12:26:57",9
2444,334,2,1,-1,0.765574,0.903377,1,0.000000,1,"2018-02-02 12:40:12",9
2445,335,2,1,-1,0.008475,0.010000,1,0.000000,1,"2018-02-02 22:51:48",9
2446,73,2,2,-1,4.237288,5.000000,1,0.000000,1,"2018-02-02 22:55:50",9
2447,75,2,2,-1,4.237288,5.000000,1,0.000000,1,"2018-02-02 22:57:44",9
2448,76,2,2,-1,4.237288,5.000000,1,0.000000,1,"2018-02-02 22:58:28",9
2449,77,2,2,-1,4.237288,5.000000,1,0.000000,1,"2018-02-02 23:01:30",9
2450,79,2,2,-1,4.237288,5.000000,1,0.000000,1,"2018-02-02 23:03:00",9
2451,80,2,2,-1,4.237288,5.000000,1,0.000000,1,"2018-02-02 23:03:36",9
2452,81,2,2,-1,4.237288,5.000000,1,0.000000,1,"2018-02-02 23:04:07",9
2453,82,2,2,-1,4.237288,5.000000,1,0.000000,1,"2018-02-02 23:05:16",9
2454,83,2,2,-1,4.237288,5.000000,1,0.000000,1,"2018-02-02 23:05:56",9
2455,84,2,2,-1,4.237288,5.000000,1,0.000000,1,"2018-02-02 23:06:30",9
2456,85,2,2,-1,4.237288,5.000000,1,0.000000,1,"2018-02-02 23:07:30",9
2457,87,2,2,-1,4.237288,5.000000,1,0.000000,1,"2018-02-02 23:08:53",9
2458,88,2,2,-1,4.237288,5.000000,1,0.000000,1,"2018-02-02 23:09:32",9
2459,89,2,2,-1,4.237288,5.000000,1,0.000000,1,"2018-02-02 23:10:10",9
2460,90,2,2,-1,4.237288,5.000000,1,0.000000,1,"2018-02-02 23:11:00",9
2461,91,2,2,-1,4.237288,5.000000,1,0.000000,1,"2018-02-02 23:11:38",9
2462,92,2,2,-1,4.237288,5.000000,1,0.000000,1,"2018-02-02 23:12:54",9
2463,93,2,2,-1,4.237288,5.000000,1,0.000000,1,"2018-02-02 23:13:35",9
2464,94,2,2,-1,4.237288,5.000000,1,0.000000,1,"2018-02-02 23:14:23",9
2465,335,2,2,-1,4.237288,5.000000,1,0.000000,1,"2018-02-02 23:14:38",9
2466,95,2,2,-1,4.237288,5.000000,1,0.000000,1,"2018-02-02 23:15:15",9
2467,96,2,2,-1,4.237288,5.000000,1,0.000000,1,"2018-02-02 23:16:16",9
2468,97,2,2,-1,4.237288,5.000000,1,0.000000,1,"2018-02-02 23:16:52",9
2469,98,2,2,-1,4.237288,5.000000,1,0.000000,1,"2018-02-02 23:17:26",9
2470,99,2,2,-1,4.237288,5.000000,1,0.000000,1,"2018-02-02 23:18:13",9
2471,100,2,2,-1,4.237288,5.000000,1,0.000000,1,"2018-02-02 23:18:46",9
2472,101,2,2,-1,4.237288,5.000000,1,0.000000,1,"2018-02-02 23:19:45",9
2473,102,2,2,-1,4.237288,5.000000,1,0.000000,1,"2018-02-02 23:20:25",9
2474,103,2,2,-1,4.237288,5.000000,1,0.000000,1,"2018-02-02 23:21:10",9
2475,104,2,2,-1,4.237288,5.000000,1,0.000000,1,"2018-02-02 23:21:48",9
2476,105,2,2,-1,4.237288,5.000000,1,0.000000,1,"2018-02-02 23:22:37",9
2477,106,2,2,-1,4.237288,5.000000,1,0.000000,1,"2018-02-02 23:23:08",9
2478,107,2,2,-1,4.237288,5.000000,1,0.000000,1,"2018-02-02 23:23:36",9
2479,108,2,2,-1,4.237288,5.000000,1,0.000000,1,"2018-02-02 23:24:13",9
2480,109,2,2,-1,4.237288,5.000000,1,0.000000,1,"2018-02-02 23:25:04",9
2481,110,2,2,-1,4.237288,5.000000,1,0.000000,1,"2018-02-02 23:25:34",9
2482,111,2,2,-1,4.237288,5.000000,1,0.000000,1,"2018-02-02 23:26:06",9
2483,112,2,2,-1,4.237288,5.000000,1,0.000000,1,"2018-02-02 23:26:53",9
2484,114,2,2,-1,4.237288,5.000000,1,0.000000,1,"2018-02-02 23:28:24",9
2485,115,2,2,-1,4.237288,5.000000,1,0.000000,1,"2018-02-02 23:29:21",9
2486,116,2,2,-1,4.237288,5.000000,1,0.000000,1,"2018-02-02 23:30:26",9
2487,118,2,2,-1,4.237288,5.000000,1,0.000000,1,"2018-02-02 23:34:35",9
2488,187,2,2,-1,4.237288,5.000000,1,0.000000,1,"2018-02-02 23:40:30",9
2489,186,2,2,-1,4.237288,5.000000,1,0.000000,1,"2018-02-02 23:41:31",9
2490,188,2,2,-1,4.237288,5.000000,1,0.000000,1,"2018-02-02 23:42:22",9
2492,153,2,2,-1,8.474576,10.000000,1,0.000000,1,"2018-02-03 00:11:01",9
2493,336,2,1,-1,0.016949,0.020000,1,0.000000,1,"2018-02-03 10:31:29",9
2494,336,2,2,-1,4.237288,5.000000,1,0.000000,1,"2018-02-03 10:31:29",9
2495,337,2,1,-1,0.008475,0.010000,1,0.000000,1,"2018-02-03 10:32:38",9
2496,337,2,2,-1,5.932203,7.000000,1,0.000000,1,"2018-02-03 10:32:38",9
2497,338,2,1,-1,0.008475,0.010000,1,0.000000,1,"2018-02-04 20:16:17",9
2498,338,2,2,-1,4.237288,5.000000,1,0.000000,1,"2018-02-04 20:16:17",9
2499,339,2,1,-1,0.169492,0.200000,1,0.000000,1,"2018-02-04 20:17:42",9
2500,339,2,2,-1,4.237288,5.000000,1,0.000000,1,"2018-02-04 20:18:05",9
2501,340,2,1,-1,0.008475,0.010000,1,0.000000,1,"2018-02-04 20:19:15",9
2502,340,2,2,-1,4.237288,5.000000,1,0.000000,1,"2018-02-04 20:19:15",9
2503,341,2,1,-1,0.241980,0.285536,1,0.000000,1,"2018-02-04 20:45:00",9
2504,342,2,1,-1,0.313909,0.370413,1,0.000000,1,"2018-02-04 21:06:37",9
2505,344,2,1,-1,0.189897,0.224078,1,0.000000,1,"2018-02-04 21:14:25",9
2506,346,2,1,-1,0.272606,0.321675,1,0.000000,1,"2018-02-04 22:45:03",9
2507,347,2,1,-1,0.253735,0.299407,1,0.000000,1,"2018-02-04 23:03:55",9
2508,349,2,1,-1,0.253617,0.299269,1,0.000000,1,"2018-02-04 23:07:30",9
2509,353,2,1,26,0.014172,0.016723,1,0.000000,1,"2018-02-04 23:26:15",9
2510,354,2,1,26,0.008006,0.009447,1,0.000000,1,"2018-02-04 23:29:02",9
2511,356,2,1,26,0.006121,0.007223,1,0.000000,1,"2018-02-04 23:31:20",9
2512,357,2,1,26,0.003764,0.004442,1,0.000000,1,"2018-02-04 23:32:59",9
2513,359,2,1,26,0.007390,0.008720,1,0.000000,1,"2018-02-04 23:34:38",9
2514,333,2,2,-1,2.542373,3.000000,1,0.000000,1,"2018-02-04 23:38:33",9
2515,361,2,1,26,0.002944,0.003475,1,0.000000,1,"2018-02-04 23:50:23",9
2516,362,2,1,26,0.000195,0.000230,1,0.000000,1,"2018-02-04 23:53:37",9
2517,161,2,2,-1,10.169492,12.000000,1,0.000000,1,"2018-02-05 00:24:29",9
2518,298,2,2,-1,4.237288,5.000000,1,0.000000,1,"2018-02-05 01:06:06",9
2519,173,2,2,-1,6.355932,7.500000,1,0.000000,1,"2018-02-05 01:11:48",9
2520,363,2,1,26,0.004422,0.005218,1,0.000000,1,"2018-02-06 19:10:00",9
2521,364,2,1,26,0.013102,0.015461,1,0.000000,1,"2018-02-06 19:11:55",9
2522,365,2,1,26,0.031373,0.037020,1,0.000000,1,"2018-02-06 19:14:03",9
2523,366,2,1,26,0.023991,0.028309,1,0.000000,1,"2018-02-06 19:33:16",9
2524,369,2,1,26,0.014665,0.017305,1,0.000000,1,"2018-02-06 19:38:45",9
2525,370,2,1,26,0.013273,0.015662,1,0.000000,1,"2018-02-06 19:41:04",9
2526,371,2,1,26,0.012919,0.015245,1,0.000000,1,"2018-02-06 19:43:02",9
2527,372,2,1,26,0.011271,0.013300,1,0.000000,1,"2018-02-06 19:45:08",9
2528,373,2,1,26,0.012148,0.014335,1,0.000000,1,"2018-02-06 19:46:46",9
2529,17,2,1,25,26.855932,31.690000,1,0.000000,1,"2018-02-07 08:33:33",9
2530,178,2,2,-1,4.237288,5.000000,1,0.000000,1,"2018-02-07 18:43:49",9
2537,182,2,2,-1,5.084746,6.000000,1,0.000000,1,"2018-02-07 18:50:03",9
2538,183,2,2,-1,5.084746,6.000000,1,0.000000,1,"2018-02-07 18:50:40",9
2539,179,2,2,-1,5.084746,6.000000,1,0.000000,1,"2018-02-07 18:51:39",9
2540,180,2,2,-1,4.237288,5.000000,1,0.000000,1,"2018-02-07 18:52:13",9
2541,184,2,2,-1,4.237288,5.000000,1,0.000000,1,"2018-02-07 18:52:36",9
2542,374,2,1,-1,0.008475,0.010000,1,0.000000,1,"2018-02-08 11:48:49",9
2543,376,2,1,-1,0.008475,0.010000,1,0.000000,1,"2018-02-08 12:41:53",9
2544,377,2,1,-1,0.008475,0.010000,1,0.000000,1,"2018-02-08 12:43:42",9
2545,386,2,2,-1,1.694915,2.000000,1,0.000000,1,"2018-02-08 15:17:14",9
2546,379,2,2,-1,11.864407,14.000000,1,0.000000,1,"2018-02-09 10:48:38",9
2547,380,2,3,-1,12.711864,15.000000,1,0.000000,1,"2018-02-09 10:50:02",9
2548,381,2,2,-1,11.864407,14.000000,1,0.000000,1,"2018-02-09 10:50:39",9
2549,382,2,2,-1,11.864407,14.000000,1,0.000000,1,"2018-02-09 13:40:28",9
2550,384,2,2,-1,16.949153,20.000000,1,0.000000,1,"2018-02-09 13:40:54",9
2551,385,2,2,-1,16.949153,20.000000,1,0.000000,1,"2018-02-09 13:41:14",9
2552,383,2,2,-1,16.949153,20.000000,1,0.000000,1,"2018-02-09 13:43:22",9
2553,277,2,2,-1,1.694915,2.000000,1,0.000000,1,"2018-02-09 20:04:49",9
2554,374,2,2,-1,6.779661,8.000000,1,0.000000,1,"2018-02-09 21:22:13",9
2555,378,2,2,-1,4.237288,5.000000,1,0.000000,1,"2018-02-19 11:32:52",9
2556,318,2,2,-1,0.847458,1.000000,1,0.000000,1,"2018-02-21 18:31:35",13
2557,310,2,2,-1,0.847458,1.000000,1,0.000000,1,"2018-02-21 18:32:01",13
2558,329,2,2,-1,0.847458,1.000000,1,0.000000,1,"2018-02-21 18:32:31",13
2562,279,2,2,-1,1.694915,2.000000,1,0.000000,1,"2018-02-28 20:13:48",13
2563,57,2,2,-1,1.694915,2.000000,1,0.000000,1,"2018-02-28 20:14:05",13
2564,276,2,2,-1,0.847458,1.000000,1,0.000000,1,"2018-02-28 20:14:19",13
2565,390,2,1,-1,0.423729,0.500000,1,0.000000,1,"2018-03-07 16:43:47",13
2566,390,2,2,-1,2.118644,2.500000,1,0.000000,1,"2018-03-07 16:43:47",13
2567,392,2,2,-1,0.084746,0.100000,1,0.000000,1,"2018-03-12 12:41:01",9
2568,391,2,2,-1,0.084746,0.100000,1,0.000000,1,"2018-03-12 19:10:33",13
2569,273,2,2,-1,1.694915,2.000000,1,0.000000,1,"2018-03-13 12:30:56",13
2570,274,2,2,-1,1.694915,2.000000,1,0.000000,1,"2018-03-13 12:31:49",13
2571,32,2,1,39,37.288136,44.000000,1,0.000000,1,"2018-03-15 23:03:39",13
2572,5,2,1,61,3.900000,4.602000,1,0.000000,1,"2018-03-16 23:27:42",13
2573,393,2,1,-1,1.694915,2.000000,1,0.000000,1,"2018-03-20 00:18:12",13
2574,394,2,1,-1,0.059322,0.070000,1,0.000000,1,"2018-03-20 00:21:53",13
2575,394,2,2,-1,10.169492,12.000000,1,0.000000,1,"2018-03-20 00:21:53",13
2576,395,2,1,16,2.542373,3.000000,1,0.000000,1,"2018-03-20 00:24:14",13
2577,396,2,1,-1,0.059322,0.070000,1,0.000000,1,"2018-03-20 00:26:46",13
2578,396,2,2,-1,10.169492,12.000000,1,0.000000,1,"2018-03-20 00:26:46",13
2579,38,2,1,11,32.203390,38.000000,1,0.000000,1,"2018-03-20 11:45:42",9
2580,198,4,1,56,2.118644,2.500000,1,0.000000,1,"2018-03-20 11:56:32",9
2581,268,2,1,-1,0.813559,0.960000,1,0.000000,1,"2018-03-20 12:00:31",9
2582,3,2,1,42,81.355932,96.000000,1,0.000000,1,"2018-03-20 12:04:29",9
2583,44,2,1,60,6.101695,7.200000,1,0.000000,1,"2018-03-20 12:11:18",9
2584,7,2,1,23,8.474576,10.000000,1,0.000000,1,"2018-03-20 12:14:26",9
2585,37,2,1,58,11.016949,13.000000,1,0.000000,1,"2018-03-20 12:15:06",9
2586,15,2,1,11,3.389831,4.000000,1,0.000000,1,"2018-03-20 12:26:08",9
2587,308,2,1,54,11.016949,13.000000,1,0.000000,1,"2018-03-20 12:33:29",9
2588,6,2,1,23,7.203390,8.500000,1,0.000000,1,"2018-03-20 12:35:50",9
2589,19,2,1,70,50.847458,60.000000,1,0.000000,1,"2018-03-20 12:59:35",9
2590,397,2,2,62,3.813559,4.500000,1,0.000000,1,"2018-03-20 13:02:36",9
2591,14,2,1,11,6.779661,8.000000,1,0.000000,1,"2018-03-20 13:31:06",9
2592,398,2,1,11,12.711864,15.000000,1,0.000000,1,"2018-03-20 13:35:14",9
2593,400,2,1,-1,2.129237,2.512500,1,0.000000,1,"2018-03-22 10:21:18",9
2594,400,2,2,-1,5.084746,6.000000,1,0.000000,1,"2018-03-22 10:21:18",9
2595,401,2,1,-1,0.008475,0.010000,1,0.000000,1,"2018-03-22 10:30:18",9
2596,401,2,2,-1,4.237288,5.000000,1,0.000000,1,"2018-03-22 10:30:18",9
2597,402,2,1,-1,0.008475,0.010000,1,0.000000,1,"2018-03-22 10:32:08",9
2598,402,2,2,-1,4.237288,5.000000,1,0.000000,1,"2018-03-22 10:32:08",9
2599,389,2,1,62,8.474576,10.000000,1,0.000000,1,"2018-03-22 11:05:56",9
2600,352,2,1,63,3.644068,4.300000,1,0.000000,1,"2018-03-22 11:06:52",9
2601,22,2,1,12,43.644068,51.500000,1,0.000000,1,"2018-03-22 11:26:19",9
2602,290,2,1,66,6.144068,7.250000,1,0.000000,1,"2018-03-22 11:28:47",9
2603,20,2,1,35,6.525424,7.700000,1,0.000000,1,"2018-03-22 11:29:41",9
2604,8,2,1,23,8.474576,10.000000,1,0.000000,1,"2018-03-22 11:32:14",9
2605,16,2,1,11,6.779661,8.000000,1,0.000000,1,"2018-03-22 11:34:00",9
2606,403,2,1,66,6.440678,7.600000,1,0.000000,1,"2018-03-22 11:39:15",9
2607,294,2,1,-1,11.864407,14.000000,1,0.000000,1,"2018-03-22 12:42:41",9
2608,404,2,1,-1,0.067797,0.080000,1,0.000000,1,"2018-03-22 12:43:40",9
2609,405,2,1,-1,0.508475,0.600000,1,0.000000,1,"2018-03-22 12:44:32",9
2610,35,4,1,-1,3.813559,4.500000,1,0.000000,1,"2018-03-22 12:47:39",9
2611,34,2,1,65,3.220339,3.800000,1,0.000000,1,"2018-03-22 12:49:20",9
2612,45,2,1,5,19.406780,22.900000,1,0.000000,1,"2018-03-22 12:52:22",9
2613,292,2,1,68,41.855932,49.390000,1,0.000000,1,"2018-03-22 12:56:13",9
2614,323,2,1,57,2.711864,3.200000,1,0.000000,1,"2018-03-22 12:57:48",9
2615,321,2,1,15,7.279661,8.590000,1,0.000000,1,"2018-03-22 13:00:30",9
2616,13,2,1,44,2.118644,2.500000,1,0.000000,1,"2018-03-22 13:03:16",9
2617,14,2,1,69,27.161017,32.050000,1,0.000000,1,"2018-03-22 13:06:47",9
2618,324,2,1,15,4.059322,4.790000,1,0.000000,1,"2018-03-22 13:07:14",9
2619,18,2,1,14,5.330508,6.290000,1,0.000000,1,"2018-03-22 13:09:09",9
2620,21,2,1,6,14.906780,17.590000,1,0.000000,1,"2018-03-22 13:10:38",9
2621,23,2,1,36,7.161017,8.450000,1,0.000000,1,"2018-03-22 13:12:37",9
2622,2,2,1,42,86.008475,101.490000,1,0.000000,1,"2018-03-22 13:13:12",9
2623,10,2,1,21,73.644068,86.900000,1,0.000000,1,"2018-03-22 13:15:22",9
2624,25,2,1,10,11.432203,13.490000,1,0.000000,1,"2018-03-22 13:16:53",9
2625,27,2,1,46,2.457627,2.900000,1,0.000000,1,"2018-03-22 13:17:35",9
2626,11,2,1,43,2.838983,3.350000,1,0.000000,1,"2018-03-22 13:21:58",9
2627,406,2,1,-1,0.008475,0.010000,1,0.000000,1,"2018-03-28 12:28:04",13
2628,406,2,2,-1,5.932203,7.000000,1,0.000000,1,"2018-03-28 12:28:04",13
2629,407,2,1,-1,0.008475,0.010000,1,0.000000,1,"2018-03-28 12:29:22",13
2630,407,2,2,-1,5.932203,7.000000,1,0.000000,1,"2018-03-28 12:29:23",13
2631,408,2,1,-1,0.008475,0.010000,1,0.000000,1,"2018-03-28 12:32:15",13
2632,408,2,2,-1,5.932203,7.000000,1,0.000000,1,"2018-03-28 12:32:15",13
2633,409,2,1,-1,0.008475,0.010000,1,0.000000,1,"2018-03-28 12:35:44",13
2634,409,2,2,-1,5.932203,7.000000,1,0.000000,1,"2018-03-28 12:35:44",13
2635,411,2,1,-1,0.008475,0.010000,1,0.000000,1,"2018-03-28 12:36:43",13
2636,411,2,2,-1,5.932203,7.000000,1,0.000000,1,"2018-03-28 12:36:43",13
2637,412,2,1,-1,1.188153,1.402020,1,0.000000,1,"2018-04-02 11:27:37",9
2638,412,2,2,-1,5.084746,6.000000,1,0.000000,1,"2018-04-02 11:27:37",9
2639,413,2,1,-1,0.423729,0.500000,1,0.000000,1,"2018-04-02 13:34:17",9
2640,413,2,2,-1,2.118644,2.500000,1,0.000000,1,"2018-04-02 13:34:17",9
2641,414,2,1,-1,1.476847,1.742680,1,0.000000,1,"2018-04-03 10:42:51",9
2642,414,2,2,-1,5.084746,6.000000,1,0.000000,1,"2018-04-03 10:42:51",9
2643,4,2,1,42,475.000000,560.500000,1,0.000000,1,"2018-04-26 12:57:25",9
2644,320,2,1,11,1.525424,1.800000,1,0.000000,1,"2018-04-26 13:16:22",9
2645,24,2,1,-1,0.254237,0.300000,1,0.000000,1,"2018-04-26 13:22:59",9
2646,422,2,1,-1,0.737924,0.870750,1,0.000000,1,"2018-04-28 10:40:10",9
2647,422,2,2,-1,4.237288,5.000000,1,0.000000,1,"2018-04-28 10:40:10",9
2648,45,2,2,7,2.542373,3.000000,1,0.000000,1,"2018-04-28 11:04:55",9
2649,45,2,2,5,29.661017,35.000000,1,0.000000,1,"2018-04-28 11:06:17",9
2650,45,4,1,7,1.694915,2.000000,1,0.000000,1,"2018-04-28 11:07:23",9
2651,424,2,1,-1,0.423729,0.500000,1,0.000000,1,"2018-05-05 12:22:52",9
2652,424,2,2,-1,4.237288,5.000000,1,0.000000,1,"2018-05-05 12:22:52",9
2653,425,2,1,-1,0.689068,0.813100,1,0.000000,1,"2018-05-05 12:25:13",9
2654,425,2,2,-1,6.779661,8.000000,1,0.000000,1,"2018-05-05 12:25:13",9
2655,426,2,1,-1,0.641492,0.756960,1,0.000000,1,"2018-05-05 12:26:04",9
2656,426,2,2,-1,6.779661,8.000000,1,0.000000,1,"2018-05-05 12:26:04",9
2657,427,2,1,-1,0.606559,0.715740,1,0.000000,1,"2018-05-05 12:27:04",9
2658,427,2,2,-1,6.779661,8.000000,1,0.000000,1,"2018-05-05 12:27:04",9
2659,428,2,1,-1,0.609271,0.718940,1,0.000000,1,"2018-05-05 12:28:04",9
2660,428,2,2,-1,6.779661,8.000000,1,0.000000,1,"2018-05-05 12:28:04",9
2661,429,2,2,-1,1.694915,2.000000,1,0.000000,1,"2018-05-07 11:28:20",9
2662,430,2,1,-1,0.536271,0.632800,1,0.000000,1,"2018-05-09 10:46:01",9
2663,430,2,2,-1,4.237288,5.000000,1,0.000000,1,"2018-05-09 10:46:01",9
2664,431,2,1,-1,0.998220,1.177900,1,0.000000,1,"2018-05-09 10:47:40",9
2665,431,2,2,-1,4.237288,5.000000,1,0.000000,1,"2018-05-09 10:47:40",9
2666,432,2,1,-1,0.229695,0.271040,1,0.000000,1,"2018-05-09 10:54:01",9
2667,432,2,2,-1,4.237288,5.000000,1,0.000000,1,"2018-05-09 10:54:01",9
2668,376,2,2,-1,12.711864,15.000000,1,0.000000,1,"2018-05-12 13:07:19",9
2669,377,2,2,-1,12.711864,15.000000,1,0.000000,1,"2018-05-12 13:07:39",9
2670,433,2,2,-1,2.542373,3.000000,1,0.000000,1,"2018-05-12 13:16:14",9
2671,387,2,2,-1,5.084746,6.000000,1,0.000000,1,"2018-05-12 16:00:55",9
2672,434,2,1,-1,0.248441,0.293160,1,0.000000,1,"2018-05-17 10:27:09",13
2673,434,2,2,-1,4.237288,5.000000,1,0.000000,1,"2018-05-17 10:27:09",13
2674,435,2,1,-1,2.443941,2.883850,1,0.000000,1,"2018-05-24 12:01:16",13
2675,435,2,2,-1,2.542373,3.000000,1,0.000000,1,"2018-05-24 12:01:16",13
2676,436,2,1,-1,0.422809,0.498914,1,0.000000,1,"2018-05-24 12:03:07",13
2677,436,2,2,-1,2.542373,3.000000,1,0.000000,1,"2018-05-24 12:03:07",13
2678,437,2,1,-1,0.001966,0.002320,1,0.000000,1,"2018-05-24 12:04:48",13
2679,437,2,2,-1,0.008475,0.010000,1,0.000000,1,"2018-05-24 12:04:48",13
2680,438,2,1,-1,0.001966,0.002320,1,0.000000,1,"2018-05-25 11:05:26",13
2681,438,2,2,-1,4.237288,5.000000,1,0.000000,1,"2018-05-25 11:05:26",13
2682,439,2,1,-1,2.186839,2.580470,1,0.000000,1,"2018-05-26 11:11:17",13
2683,439,2,2,-1,12.711864,15.000000,1,0.000000,1,"2018-05-26 11:11:17",13
2684,440,2,1,-1,0.002119,0.002500,1,0.000000,1,"2018-06-01 13:00:12",13
2685,440,2,2,-1,10.169492,12.000000,1,0.000000,1,"2018-06-01 13:00:12",13
2686,441,2,2,-1,12.711864,15.000000,1,0.000000,1,"2018-06-01 13:07:55",13
2687,442,2,1,11,5.084746,6.000000,1,0.000000,1,"2018-06-04 11:13:18",13
2688,444,2,1,-1,0.001966,0.002320,1,0.000000,1,"2018-06-05 08:38:35",13
2689,444,2,2,-1,1.694915,2.000000,1,0.000000,1,"2018-06-05 08:38:35",13
2690,445,2,1,-1,0.001966,0.002320,1,0.000000,1,"2018-06-05 14:48:54",13
2691,445,2,2,-1,8.474576,10.000000,1,0.000000,1,"2018-06-05 14:48:54",13
2692,446,2,1,-1,0.001966,0.002320,1,0.000000,1,"2018-06-05 14:50:14",13
2693,446,2,2,-1,6.779661,8.000000,1,0.000000,1,"2018-06-05 14:50:14",13
2694,447,2,1,-1,0.001966,0.002320,1,0.000000,1,"2018-06-05 14:51:21",13
2695,447,2,2,-1,6.779661,8.000000,1,0.000000,1,"2018-06-05 14:51:21",13
2696,449,2,1,-1,0.423729,0.500000,1,0.000000,1,"2018-06-09 12:56:08",13
2697,449,2,2,-1,2.118644,2.500000,1,0.000000,1,"2018-06-09 12:56:08",13
2698,450,2,1,-1,0.423729,0.500000,1,0.000000,1,"2018-06-09 12:57:58",13
2699,450,2,2,-1,4.237288,5.000000,1,0.000000,1,"2018-06-09 12:57:58",13
2700,452,2,1,-1,0.001966,0.002320,1,0.000000,1,"2018-06-11 10:34:45",13
2701,452,2,2,-1,4.237288,5.000000,1,0.000000,1,"2018-06-11 10:34:45",13
2702,454,2,1,-1,0.001966,0.002320,1,0.000000,1,"2018-06-14 11:05:43",9
2703,454,2,2,-1,4.237288,5.000000,1,0.000000,1,"2018-06-14 11:05:43",9
2704,451,2,2,-1,25.423729,30.000000,1,0.000000,1,"2018-06-16 18:34:38",13
2705,294,2,2,-1,0.423729,0.500000,1,0.000000,1,"2018-06-18 12:41:27",9
2706,455,2,1,-1,0.030720,0.036250,1,0.000000,1,"2018-06-20 15:27:23",13
2707,455,2,2,-1,10.169492,12.000000,1,0.000000,1,"2018-06-20 15:27:23",13
2708,456,2,1,-1,0.030720,0.036250,1,0.000000,1,"2018-06-20 15:28:05",13
2709,456,2,2,-1,10.169492,12.000000,1,0.000000,1,"2018-06-20 15:28:29",13
2710,457,2,1,-1,0.001966,0.002320,1,0.000000,1,"2018-06-22 11:20:00",13
2711,457,2,2,-1,4.237288,5.000000,1,0.000000,1,"2018-06-22 11:20:00",13
2712,458,2,1,-1,0.001966,0.002320,1,0.000000,1,"2018-06-28 09:33:30",13
2713,458,2,2,-1,5.084746,6.000000,1,0.000000,1,"2018-06-28 09:33:30",13
2714,462,2,1,-1,0.423729,0.500000,1,0.000000,1,"2018-07-04 11:28:34",13
2715,462,2,2,-1,2.118644,2.500000,1,0.000000,1,"2018-07-04 11:28:34",13
2716,463,2,1,-1,0.423729,0.500000,1,0.000000,1,"2018-07-04 11:29:26",13
2717,463,2,2,-1,4.237288,5.000000,1,0.000000,1,"2018-07-04 11:29:26",13
2718,464,2,1,-1,0.423729,0.500000,1,0.000000,1,"2018-07-11 11:15:30",13
2719,464,2,2,-1,4.237288,5.000000,1,0.000000,1,"2018-07-11 11:15:30",13
2720,465,2,1,-1,0.423729,0.500000,1,0.000000,1,"2018-07-11 11:16:04",13
2721,465,2,2,-1,4.237288,5.000000,1,0.000000,1,"2018-07-11 11:16:04",13
2722,466,2,1,-1,0.423729,0.500000,1,0.000000,1,"2018-07-11 11:25:32",13
2723,466,2,2,-1,2.118644,2.500000,1,0.000000,1,"2018-07-11 11:25:32",13
2724,467,2,1,-1,0.423729,0.500000,1,0.000000,1,"2018-07-11 11:26:26",13
2725,467,2,2,-1,2.118644,2.500000,1,0.000000,1,"2018-07-11 11:26:26",13
2726,469,2,1,-1,0.000017,0.000020,1,0.000000,1,"2018-07-17 11:51:40",13
2727,469,2,2,-1,4.237288,5.000000,1,0.000000,1,"2018-07-17 11:51:40",13
2728,470,2,1,-1,0.001966,0.002320,1,0.000000,1,"2018-07-18 12:12:42",13
2729,470,2,2,-1,4.237288,5.000000,1,0.000000,1,"2018-07-18 12:12:42",13
2730,471,2,1,-1,0.001966,0.002320,1,0.000000,1,"2018-08-03 10:58:03",13
2731,471,2,2,-1,4.237288,5.000000,1,0.000000,1,"2018-08-03 10:58:03",13
2732,472,2,1,-1,0.001966,0.002320,1,0.000000,1,"2018-08-17 07:56:06",13
2733,472,2,2,-1,1.694915,2.000000,1,0.000000,1,"2018-08-17 07:56:06",13
2734,196,2,2,-1,4.237288,5.000000,1,0.000000,1,"2018-08-23 15:37:17",13
2735,473,2,1,-1,1.718371,2.027678,1,0.000000,1,"2018-09-08 11:24:02",13
2736,473,2,2,-1,4.237288,5.000000,1,0.000000,1,"2018-09-08 11:24:02",13
2738,475,2,1,-1,1.271186,1.500000,1,0.000000,1,"2018-09-12 12:59:53",13
2739,481,2,1,-1,1.017409,1.200543,1,0.000000,1,"2018-09-12 13:21:17",13
2740,482,2,1,26,5.727661,6.758640,1,0.000000,1,"2018-09-12 13:26:48",13
2741,28,2,1,-1,0.254237,0.300000,1,0.000000,1,"2018-09-13 10:58:49",13
2742,36,2,1,39,16.864407,19.900000,1,0.000000,1,"2018-09-13 11:03:14",13
2743,483,2,1,29,0.004749,0.005604,1,0.000000,1,"2018-09-13 11:46:46",13
2744,485,2,1,-1,3.389831,4.000000,1,0.000000,1,"2018-09-29 08:39:31",13
2745,486,2,1,29,5.084746,6.000000,1,0.000000,1,"2018-09-29 08:41:05",13
2746,487,2,1,-1,3.895593,4.596800,1,0.000000,1,"2018-09-29 08:45:10",13
2747,487,2,2,-1,11.864407,14.000000,1,0.000000,1,"2018-09-29 08:45:10",13
2748,488,2,1,-1,0.001966,0.002320,1,0.000000,1,"2018-10-10 12:59:44",13
2749,488,2,2,-1,4.237288,5.000000,1,0.000000,1,"2018-10-10 12:59:44",13
